link_id,from_node_id,to_node_id,lanes,geometry
108 101854,108,101854,1,"LINESTRING(1520489.509838673 1001821.7377521936,1520508.8528386732 1001564.3087521936)"
108 101858,108,101858,1,"LINESTRING(1520496.4880640125 1001821.7111930664,1520516.9670640125 1002069.0461930664)"
109 100027,109,100027,1,"LINESTRING(1522627.4846911633 1001773.6730022996,1522648.8576911632 1002001.4370022996)"
109 100038,109,100038,1,"LINESTRING(1522623.6967963427 1001770.5131579413,1522853.6967963427 1001750.5131579413)"
109 100039,109,100039,1,"LINESTRING(1522623.875665404 1001777.4977908612,1522411.3096654038 1001769.9417908612)"
109 100041,109,100041,1,"LINESTRING(1522620.5116088141 1001774.2848279024,1522599.546608814 1001517.5188279025)"
110 100064,110,100064,1,"LINESTRING(1521874.9467885448 1000629.5004045175,1522396.7477885447 1000621.5664045175)"
110 100192,110,100192,1,"LINESTRING(1521871.836481842 1000631.5026179965,1522107.090481842 1000134.4816179966)"
110 100255,110,100255,1,"LINESTRING(1521877.8480671493 1000630.965666322,1522102.8480671493 1000945.965666322)"
110 101842,110,101842,1,"LINESTRING(1521875.0680655004 1000636.4993380927,1521279.8790655003 1000648.0763380928)"
111 100178,111,100178,1,"LINESTRING(1520444.412374322 1000478.524378125,1521280.223374322 1000577.691378125)"
111 100179,111,100179,1,"LINESTRING(1520440.5004733035 1000482.0575577953,1520427.8514733035 999712.9955577953)"
111 101843,111,101843,1,"LINESTRING(1520444.046662519 1000485.4996889303,1519694.046662519 1000495.4996889303)"
111 101846,111,101846,1,"LINESTRING(1520447.4986411543 1000481.9024803909,1520463.8586411544 1001068.8384803908)"
132 100254,132,100254,1,"LINESTRING(1522266.535798059 1003288.330632366,1522160.225798059 1003293.646632366)"
132 101960,132,101960,1,"LINESTRING(1522266.0398622602 1003281.3497639173,1522440.3788622601 1003265.2857639173)"
133 101882,133,101882,1,"LINESTRING(1520402.0075428556 1003956.4999918722,1519746.8195428555 1003957.9119918722)"
134 100288,134,100288,1,"LINESTRING(1519317.8104655195 1002615.5544575613,1520622.8444655195 1002557.5034575614)"
134 101869,134,101869,1,"LINESTRING(1519317.2857801106 1002622.4842638847,1519157.3877801106 1002590.8042638848)"
134 101911,134,101911,1,"LINESTRING(1519314.4737914808 1002619.2844087799,1519279.9457914808 1002102.68440878)"
134 102000,134,102000,1,"LINESTRING(1519318.9767412983 1002615.7001192161,1520487.2747412983 1002968.0991192161)"
135 100011,135,100011,1,"LINESTRING(1522617.4810484748 1002263.6362672468,1522644.1490484749 1002518.8582672467)"
135 100024,135,100024,1,"LINESTRING(1522614.0 1002260.5,1522864.0 1002260.5)"
135 100025,135,100025,1,"LINESTRING(1522613.999404043 1002267.4999999492,1522426.066404043 1002267.4679999492)"
135 100027,135,100027,1,"LINESTRING(1522610.5247818558 1002263.5842370276,1522641.8977818557 1002001.3482370275)"
175 101846,175,101846,1,"LINESTRING(1520515.5722731822 1001353.7075937133,1520456.9322731823 1001069.6435937133)"
175 101854,175,101854,1,"LINESTRING(1520522.498268747 1001353.1100716783,1520515.841268747 1001564.6810716783)"
176 100271,176,100271,1,"LINESTRING(1519006.4997257483 1001373.9561857678,1519009.1547257483 1001586.0281857678)"
176 100272,176,100272,1,"LINESTRING(1518999.5426316683 1001374.5446138261,1518951.4366316684 1001069.1536138261)"
177 100271,177,100271,1,"LINESTRING(1519010.501565363 1001865.1046665701,1519002.156565363 1001586.1766665701)"
177 101778,177,101778,1,"LINESTRING(1519016.2280002476 1001867.699261917,1518728.9420002475 1002104.828261917)"
177 101911,177,101911,1,"LINESTRING(1519016.3140949542 1001862.3741735505,1519285.7520949543 1002099.8251735505)"
178 100273,178,100273,1,"LINESTRING(1521676.515803188 1001823.667776316,1521703.401803188 1001541.7007763161)"
178 100275,178,100275,1,"LINESTRING(1521683.455769746 1001823.4453330168,1521715.9757697461 1002026.0563330168)"
178 100277,178,100277,1,"LINESTRING(1521679.738406562 1001820.509789566,1522132.356406562 1001786.585789566)"
178 101856,178,101856,1,"LINESTRING(1521679.439508975 1001827.454829925,1521303.439508975 1001766.454829925)"
179 100273,179,100273,1,"LINESTRING(1521699.4954817358 1001327.8222151996,1521710.3814817357 1001541.8552151996)"
179 100274,179,100274,1,"LINESTRING(1521692.5028298637 1001327.8592838404,1521703.3888298636 1001057.3132838404)"
179 100278,179,100278,1,"LINESTRING(1521696.0377472094 1001331.4997964439,1521294.4817472093 1001335.8307964439)"
179 100279,179,100279,1,"LINESTRING(1521695.8514471725 1001324.5031539843,1522113.6524471724 1001306.7541539844)"
180 100041,180,100041,1,"LINESTRING(1522600.4989577252 1001269.9145901863,1522606.5339577252 1001517.1485901864)"
180 100276,180,100276,1,"LINESTRING(1522593.5027606022 1001269.8610158465,1522604.2417606022 1000999.6370158464)"
180 100280,180,100280,1,"LINESTRING(1522597.522384423 1001273.4607968034,1522400.468384423 1001303.2047968033)"
180 100281,180,100281,1,"LINESTRING(1522597.5006548457 1001266.5359929668,1522843.4486548458 1001302.0829929669)"
181 100163,181,100163,1,"LINESTRING(1521839.5061609878 1003759.4632067588,1521449.5061609878 1003816.4632067588)"
181 102006,181,102006,1,"LINESTRING(1521838.2921890423 1003752.5723180358,1522445.5461890423 1003627.1753180358)"
181 102013,181,102013,1,"LINESTRING(1521837.7424345533 1003752.7337285558,1522164.1084345533 1003627.0777285559)"
182 100283,182,100283,1,"LINESTRING(1522669.5230442353 1003270.4009720817,1522637.1910442354 1002990.0399720817)"
182 100284,182,100284,1,"LINESTRING(1522672.585832135 1003266.5245913939,1522865.585832135 1003243.5245913939)"
182 101960,182,101960,1,"LINESTRING(1522672.9814832553 1003273.4999510183,1522440.6814832552 1003272.2709510182)"
184 100165,184,100165,1,"LINESTRING(1520837.8481328785 1002673.6949732022,1521205.5231328786 1002545.5529732022)"
184 100288,184,100288,1,"LINESTRING(1520837.3440567672 1002680.0834805026,1520621.3440567672 1002564.0834805026)"
184 101858,184,101858,1,"LINESTRING(1520835.9147908953 1002678.6527204182,1520510.3937908954 1002070.9877204181)"
184 102000,184,102000,1,"LINESTRING(1520841.2429073113 1002679.6868879382,1520488.5069073113 1002974.1368879381)"
185 100275,185,100275,1,"LINESTRING(1521736.5166891648 1002307.3413877925,1521709.0366891648 1002026.9523877925)"
185 100291,185,100291,1,"LINESTRING(1521739.7595032759 1002303.5082724439,1522141.785503276 1002275.818272444)"
185 100292,185,100292,1,"LINESTRING(1521740.1062594068 1002310.4983866194,1521312.1062594068 1002323.4983866194)"
185 100295,185,100295,1,"LINESTRING(1521743.4845330939 1002307.3286778317,1521722.135533094 1002533.6636778316)"
186 100293,186,100293,1,"LINESTRING(1521698.0525788087 1002771.5003949553,1522140.8045788088 1002778.1523949553)"
186 100294,186,100294,1,"LINESTRING(1521698.2231968977 1002778.4928760563,1521329.5881968976 1002802.0488760563)"
186 100295,186,100295,1,"LINESTRING(1521694.5127093152 1002774.7020005382,1521715.1637093152 1002533.0370005382)"
186 100296,186,100296,1,"LINESTRING(1521701.478579906 1002774.6133711901,1521727.268579906 1003006.6513711901)"
187 100011,187,100011,1,"LINESTRING(1522625.503937418 1002764.8340288464,1522637.1719374182 1002519.0560288463)"
187 100283,187,100283,1,"LINESTRING(1522632.4952882428 1002764.8184508334,1522644.1632882429 1002989.4574508334)"
187 100289,187,100289,1,"LINESTRING(1522629.0925910063 1002761.5012249422,1522865.1505910063 1002767.7482249421)"
187 100290,187,100290,1,"LINESTRING(1522629.281884076 1002768.4886302997,1522431.2268840761 1002784.4916302997)"
100000 100283,100000,100283,1,"LINESTRING(1522861.9215431416 1002984.2501770938,1522640.8085431417 1002993.1361770937)"
100000 100289,100000,100289,2,"LINESTRING(1522856.53164211 1002980.6708918704,1522859.80864211 1002771.1648918703)"
100010 100011,100010,100011,2,"LINESTRING(1522429.1224561704 1002517.4186969745,1522640.5824561703 1002513.9726969745)"
100010 100025,100010,100025,1,"LINESTRING(1522425.7082579485 1002522.7104920362,1522422.5672579485 1002264.0104920362)"
100010 100290,100010,100290,1,"LINESTRING(1522432.7079208856 1002522.6444671353,1522434.4449208856 1002780.9794671354)"
100011 135,100011,135,1,"LINESTRING(1522637.1869515253 1002519.5857327532,1522610.5189515252 1002264.3637327532)"
100011 187,100011,187,1,"LINESTRING(1522644.164062582 1002519.3879711536,1522632.496062582 1002765.1659711536)"
100011 100012,100011,100012,2,"LINESTRING(1522640.4625466065 1002513.9760216448,1522860.4095466065 1002505.3620216448)"
100012 100024,100012,100024,2,"LINESTRING(1522855.3654945053 1002510.5359440404,1522858.7504945053 1002263.9279440404)"
100024 135,100024,135,1,"LINESTRING(1522864.0 1002267.5,1522614.0 1002267.5)"
100024 100028,100024,100028,2,"LINESTRING(1522858.7509378837 1002264.0992315398,1522853.7259378838 1001998.2912315398)"
100025 135,100025,135,1,"LINESTRING(1522426.067595957 1002260.4680000508,1522614.000595957 1002260.5000000508)"
100025 100010,100025,100010,1,"LINESTRING(1522429.5667420516 1002263.9255079638,1522432.7077420517 1002522.6255079637)"
100025 100026,100025,100026,1,"LINESTRING(1522422.5676456965 1002264.0352269193,1522417.5556456964 1002003.1462269194)"
100026 100025,100026,100025,1,"LINESTRING(1522424.5543543035 1002003.0117730807,1522429.5663543036 1002263.9007730806)"
100026 100027,100026,100027,2,"LINESTRING(1522421.024223908 1001997.8290902072,1522645.342223908 1001996.5140902072)"
100026 100039,100026,100039,1,"LINESTRING(1522417.5578892324 1002003.2211839656,1522407.9368892324 1001766.5861839656)"
100026 100249,100026,100249,2,"LINESTRING(1522421.210460373 1002008.3266977879,1522143.028460373 1002016.5676977878)"
100027 109,100027,109,1,"LINESTRING(1522641.8883088366 1002002.0909977003,1522620.5153088367 1001774.3269977004)"
100027 135,100027,135,1,"LINESTRING(1522648.8482181442 1002002.1797629724,1522617.4752181442 1002264.4157629724)"
100027 100026,100027,100026,2,"LINESTRING(1522645.4037760918 1002007.0139097928,1522421.0857760918 1002008.3289097928)"
100027 100028,100027,100028,2,"LINESTRING(1522645.2852181513 1001996.514733923,1522858.8872181515 1001992.9427339231)"
100028 100027,100028,100027,2,"LINESTRING(1522859.0627818487 1002003.441266077,1522645.4607818485 1002007.0132660769)"
100028 100038,100028,100038,2,"LINESTRING(1522853.7260892247 1001998.2989377012,1522848.7510892246 1001754.1069377011)"
100038 109,100038,109,1,"LINESTRING(1522854.3032036573 1001757.4868420587,1522624.3032036573 1001777.4868420587)"
100038 100042,100038,100042,2,"LINESTRING(1522848.7520168137 1001754.1455076532,1522841.9770168138 1001509.7935076533)"
100039 109,100039,109,1,"LINESTRING(1522411.558334596 1001762.9462091388,1522624.124334596 1001770.5022091388)"
100039 100026,100039,100026,1,"LINESTRING(1522414.9311107674 1001766.3018160345,1522424.5521107675 1002002.9368160345)"
100039 100040,100039,100040,1,"LINESTRING(1522407.9340917699 1001766.4186547645,1522409.73509177 1001517.7196547645)"
100040 100039,100040,100039,1,"LINESTRING(1522416.7349082301 1001517.7703452355,1522414.93390823 1001766.4693452355)"
100040 100248,100040,100248,2,"LINESTRING(1522413.3152362478 1001522.9943868351,1522127.0192362478 1001527.3703868352)"
100040 100280,100040,100280,1,"LINESTRING(1522409.741484812 1001517.9579592219,1522396.452484812 1001299.9569592219)"
100041 109,100041,109,1,"LINESTRING(1522606.5233911858 1001516.9491720976,1522627.4883911859 1001773.7151720976)"
100041 180,100041,180,1,"LINESTRING(1522599.5360422747 1001517.3194098137,1522593.5010422748 1001270.0854098137)"
100041 100040,100041,100040,2,"LINESTRING(1522603.0491345641 1001522.4839809728,1522413.2491345643 1001522.9949809727)"
100042 100041,100042,100041,2,"LINESTRING(1522847.3880177147 1001514.8954684588,1522603.1980177145 1001522.4814684588)"
100042 100281,100042,100281,2,"LINESTRING(1522841.976152324 1001509.7579912373,1522837.6991523239 1001305.6569912373)"
100052 100064,100052,100064,1,"LINESTRING(1522399.720505882 1001002.6235056205,1522393.301505882 1000625.1255056205)"
100052 100276,100052,100276,2,"LINESTRING(1522403.148438726 1000997.3144877384,1522607.6674387262 1000994.5264877384)"
100052 100280,100052,100280,1,"LINESTRING(1522406.7197876184 1001002.6025567827,1522403.4457876184 1001299.7825567826)"
100053 100251,100053,100251,2,"LINESTRING(1522831.4670143272 1000997.3797347317,1522832.5280143272 1000543.2327347317)"
100064 110,100064,110,1,"LINESTRING(1522396.8542114552 1000628.5655954825,1521875.0532114552 1000636.4995954825)"
100064 100052,100064,100052,1,"LINESTRING(1522400.300494118 1000625.0064943795,1522406.719494118 1001002.5044943795)"
100064 100250,100064,100250,1,"LINESTRING(1522393.3017930049 1000625.1405010369,1522387.9887930048 1000375.5965010369)"
100065 100066,100065,100066,1,"LINESTRING(1522384.2293151575 999908.2470437493,1522608.5677824765 1000020.8707722798,1522648.3574673047 1000040.765614692,1522712.0583257787 1000062.6627847916,1522766.7517117364 1000078.5735879798,1522849.1560051986 1000090.929694812)"
100065 100250,100065,100250,1,"LINESTRING(1522386.1583669586 999911.3084350736,1522394.9873669585 1000375.4554350736)"
100066 100065,100066,100065,1,"LINESTRING(1522848.1179948016 1000097.8523051878,1522765.2482882645 1000085.4264120202,1522709.9416742232 1000069.3372152084,1522645.642532694 1000047.2343853076,1522605.4322175235 1000027.1292277277,1522381.0886848425 999914.5029562507)"
100163 181,100163,181,1,"LINESTRING(1521448.4938390122 1003809.5367932412,1521838.4938390122 1003752.5367932412)"
100163 101881,100163,101881,1,"LINESTRING(1521451.0744562617 1003815.8189769809,1521347.6744562618 1003891.9099769809)"
100165 184,100165,184,1,"LINESTRING(1521207.8268671215 1002552.1630267978,1520840.1518671215 1002680.3050267978)"
100165 101870,100165,101870,1,"LINESTRING(1521206.5148968 1002543.6104418093,1521321.4278968 1002540.1044418092)"
100178 111,100178,111,1,"LINESTRING(1521279.398625678 1000584.642621875,1520443.587625678 1000485.475621875)"
100178 101841,100178,101841,1,"LINESTRING(1521276.3110028026 1000581.1714291897,1521275.2950028025 999778.3164291898)"
100178 101842,100178,101842,1,"LINESTRING(1521283.311 1000581.167,1521283.311 1000644.577)"
100179 111,100179,111,1,"LINESTRING(1520434.8505266965 999712.8804422047,1520447.4995266965 1000481.9424422047)"
100179 101834,100179,101834,1,"LINESTRING(1520431.2226371497 999718.1864305253,1519682.4506371496 999699.8734305253)"
100179 101841,100179,101841,1,"LINESTRING(1520431.620199151 999709.4483679539,1521279.064199151 999774.822367954)"
100192 110,100192,110,1,"LINESTRING(1522113.417518158 1000137.4763820035,1521878.163518158 1000634.4973820035)"
100192 100250,100192,100250,1,"LINESTRING(1522112.5234859816 1000133.3145238077,1522393.7574859816 1000372.8575238077)"
100192 101841,100192,101841,1,"LINESTRING(1522107.9458381785 1000138.6100433302,1521886.0258099316 999943.9240300861,1521684.6621561146 999842.2453534061,1521562.3521871269 999802.4697537352,1521416.7441794798 999794.4912327682,1521278.4750258077 999781.7973430988)"
100248 100273,100248,100273,2,"LINESTRING(1522127.1875894498 1001527.3651112961,1521707.1345894497 1001547.2771112961)"
100248 100277,100248,100277,1,"LINESTRING(1522130.4382142005 1001522.0468381541,1522136.1172142006 1001790.001838154)"
100248 100279,100248,100279,1,"LINESTRING(1522123.445709766 1001522.3376179596,1522110.3077097659 1001310.4676179596)"
100249 100026,100249,100026,2,"LINESTRING(1522142.7175396269 1002006.0723022121,1522420.899539627 1001997.8313022122)"
100249 100275,100249,100275,2,"LINESTRING(1522143.059421667 1002016.5666891428,1521712.706421667 1002031.8576891429)"
100249 100277,100249,100277,1,"LINESTRING(1522139.3767537666 1002011.4820563953,1522129.1217537667 1001790.2380563953)"
100249 100291,100249,100291,1,"LINESTRING(1522146.372982519 1002011.3310619246,1522145.5259825191 1002279.3210619247)"
100250 100064,100250,100064,1,"LINESTRING(1522394.987206995 1000375.4474989631,1522400.300206995 1000624.9914989631)"
100250 100065,100250,100065,1,"LINESTRING(1522387.9886330413 1000375.5885649264,1522379.1596330414 999911.4415649264)"
100250 100192,100250,100192,1,"LINESTRING(1522389.2185140182 1000378.1864761923,1522107.9845140183 1000138.6434761924)"
100250 100251,100250,100251,1,"LINESTRING(1522393.6343937977 1000372.7574035259,1522415.7002135497 1000389.8889954604,1522658.169866681 1000475.7013006657,1522838.9500216828 1000539.9470665297)"
100251 100066,100251,100066,2,"LINESTRING(1522832.5295357064 1000543.1180253628,1522843.3885357066 1000094.2640253628)"
100251 100250,100251,100250,1,"LINESTRING(1522836.605978317 1000546.5429334703,1522655.8301332593 1000482.2986992896,1522412.299786449 1000396.1110045392,1522389.341606202 1000378.2865964741)"
100252 100010,100252,100010,2,"LINESTRING(1522143.3973951458 1002522.51383453,1522429.114395146 1002517.4188345299)"
100252 100291,100252,100291,1,"LINESTRING(1522139.9910608432 1002527.7836373474,1522138.5260608434 1002279.3306373474)"
100252 100293,100252,100293,1,"LINESTRING(1522146.9907963444 1002527.8007564298,1522144.2517963445 1002781.6897564298)"
100253 100254,100253,100254,1,"LINESTRING(1522163.0499950286 1002992.8991008542,1522163.5509950286 1003290.1451008541)"
100253 100293,100253,100293,1,"LINESTRING(1522156.0637748162 1002993.2152160017,1522137.2657748163 1002781.9622160017)"
100253 100296,100253,100296,1,"LINESTRING(1522159.6634558109 1002996.4031606279,1521723.9034558109 1003010.5361606278)"
100253 101999,100253,101999,1,"LINESTRING(1522159.456388579 1002987.6558346471,1522436.854388579 1002982.7088346471)"
100254 132,100254,132,1,"LINESTRING(1522159.876201941 1003286.6553676339,1522266.186201941 1003281.3393676339)"
100254 100253,100254,100253,1,"LINESTRING(1522156.5510049714 1003290.1568991458,1522156.0500049714 1002992.9108991459)"
100254 100282,100254,100282,1,"LINESTRING(1522163.5497226412 1003290.0564490637,1522168.8647226412 1003486.7304490637)"
100255 110,100255,110,1,"LINESTRING(1522097.1519328507 1000950.034333678,1521872.1519328507 1000635.034333678)"
100255 101844,100255,101844,1,"LINESTRING(1522103.2934887197 1000946.8155456729,1522124.0724887198 1001004.593545673)"
100271 176,100271,176,1,"LINESTRING(1519002.1552742517 1001586.1158142323,1518999.5002742517 1001374.0438142322)"
100271 177,100271,177,1,"LINESTRING(1519009.153434637 1001585.96733343,1519017.498434637 1001864.8953334299)"
100272 176,100272,176,1,"LINESTRING(1518958.3513683318 1001068.064386174,1519006.4573683317 1001373.4553861739)"
100272 101847,100272,101847,1,"LINESTRING(1518954.9096233074 1001063.3590232466,1519705.6116233072 1001065.5930232465)"
100273 178,100273,178,1,"LINESTRING(1521710.3701968119 1001542.365223684,1521683.484196812 1001824.332223684)"
100273 179,100273,179,1,"LINESTRING(1521703.3905182641 1001542.2107848005,1521692.5045182642 1001328.1777848004)"
100273 101855,100273,101855,2,"LINESTRING(1521706.851002257 1001547.2828833471,1521304.6840022572 1001544.601883347)"
100274 179,100274,179,1,"LINESTRING(1521710.3831701363 1001057.5947161596,1521699.4971701363 1001328.1407161596)"
100274 101844,100274,101844,1,"LINESTRING(1521706.9078704482 1001052.2040455542,1522075.4925902975 1001053.7395089883,1522116.6870031492 1001002.4889177919)"
100274 101845,100274,101845,1,"LINESTRING(1521706.954107824 1001062.7035582028,1521295.4391078241 1001068.0425582028)"
100275 178,100275,178,1,"LINESTRING(1521709.064230254 1002027.1656669832,1521676.544230254 1001824.5546669832)"
100275 185,100275,185,1,"LINESTRING(1521716.0033108352 1002026.2696122075,1521743.4833108352 1002306.6586122075)"
100275 100249,100275,100249,2,"LINESTRING(1521712.333578333 1002021.3643108571,1522142.686578333 1002006.073310857)"
100275 101857,100275,101857,2,"LINESTRING(1521712.652147922 1002033.6097525265,1521313.693147922 1002041.1427525264)"
100276 180,100276,180,1,"LINESTRING(1522611.236239398 1000999.9149841535,1522600.4972393978 1001270.1389841535)"
100276 100053,100276,100053,2,"LINESTRING(1522607.6843426893 1000994.526284524,1522836.6623426892 1000992.142284524)"
100277 178,100277,178,1,"LINESTRING(1522132.879593438 1001793.566210434,1521680.261593438 1001827.490210434)"
100277 100248,100277,100248,1,"LINESTRING(1522129.1187857995 1001790.150161846,1522123.4397857995 1001522.195161846)"
100277 100249,100277,100249,1,"LINESTRING(1522136.1142462334 1001789.9139436047,1522146.3692462333 1002011.1579436046)"
100278 179,100278,179,1,"LINESTRING(1521294.4062527905 1001328.8312035562,1521695.9622527906 1001324.5002035561)"
100278 101845,100278,101845,1,"LINESTRING(1521289.1940310488 1001332.3129442112,1521290.121031049 1001062.7749442111)"
100278 101855,100278,101855,1,"LINESTRING(1521299.6875454986 1001332.0707489627,1521309.9625454987 1001539.0917489626)"
100279 179,100279,179,1,"LINESTRING(1522113.9495528275 1001313.7478460157,1521696.1485528275 1001331.4968460157)"
100279 100248,100279,100248,1,"LINESTRING(1522117.294290234 1001310.0343820405,1522130.4322902341 1001521.9043820405)"
100279 101844,100279,101844,1,"LINESTRING(1522110.3019188219 1001310.1708070488,1522117.279918822 1001005.6978070488)"
100280 180,100280,180,1,"LINESTRING(1522399.423615577 1001296.2832031966,1522596.477615577 1001266.5392031966)"
100280 100040,100280,100040,1,"LINESTRING(1522403.439515188 1001299.531040778,1522416.7285151882 1001517.5320407781)"
100280 100052,100280,100052,1,"LINESTRING(1522396.4462123816 1001299.7054432173,1522399.7202123816 1001002.5254432174)"
100281 180,100281,180,1,"LINESTRING(1522842.4473451544 1001309.0110070332,1522596.4993451543 1001273.4640070332)"
100281 100053,100281,100053,2,"LINESTRING(1522837.6990729347 1001305.6531351091,1522831.4680729345 1000997.4981351091)"
100282 100254,100282,100254,1,"LINESTRING(1522161.8672773587 1003486.9195509362,1522156.5522773587 1003290.2455509362)"
100282 101880,100282,101880,2,"LINESTRING(1522165.4879521362 1003492.0735833971,1521344.5369521363 1003511.1485833972)"
100282 102013,100282,102013,1,"LINESTRING(1522168.866 1003486.825,1522168.866 1003630.344)"
100283 182,100283,182,1,"LINESTRING(1522644.1449557648 1002989.2380279183,1522676.4769557647 1003269.5990279183)"
100283 187,100283,187,1,"LINESTRING(1522637.1727117572 1002989.8205491665,1522625.5047117572 1002765.1815491666)"
100283 100000,100283,100000,1,"LINESTRING(1522640.4571852877 1002984.3932343592,1522861.5701852876 1002975.5072343593)"
100283 101999,100283,101999,1,"LINESTRING(1522640.624680986 1002994.8888212792,1522436.904680986 1002993.2078212792)"
100284 182,100284,182,1,"LINESTRING(1522866.414167865 1003250.4754086061,1522673.414167865 1003273.4754086061)"
100284 100000,100284,100000,2,"LINESTRING(1522860.7506590178 1003247.0831820437,1522856.5316590178 1002980.8361820438)"
100285 101764,100285,101764,1,"LINESTRING(1518978.2390060548 1003551.7485101881,1518977.1580060548 1002970.5835101882)"
100285 102001,100285,102001,1,"LINESTRING(1518985.2384820865 1003551.8022090251,1518982.5874820864 1003705.8842090252)"
100287 101871,100287,101871,1,"LINESTRING(1520484.8383176618 1003043.3932297397,1521332.6363176617 1003002.0552297398)"
100287 101872,100287,101872,1,"LINESTRING(1520485.2289415903 1003052.1343977136,1520060.9029309778 1003068.506349478,1519736.046770977 1003037.9065753986)"
100287 101879,100287,101879,1,"LINESTRING(1520488.5938250518 1003048.6020056121,1520493.3048250517 1003519.7540056121)"
100287 102000,100287,102000,1,"LINESTRING(1520481.5944020192 1003048.5839531185,1520482.764402019 1002971.3969531185)"
100288 134,100288,134,1,"LINESTRING(1520623.1555344805 1002564.4965424386,1519318.1215344805 1002622.5475424386)"
100288 184,100288,184,1,"LINESTRING(1520624.6559432328 1002557.9165194974,1520840.6559432328 1002673.9165194974)"
100289 187,100289,187,1,"LINESTRING(1522864.9654089937 1002774.7457750578,1522628.9074089937 1002768.4987750578)"
100289 100012,100289,100012,2,"LINESTRING(1522859.8087626204 1002771.3364814731,1522855.3657626205 1002510.6974814731)"
100290 187,100290,187,1,"LINESTRING(1522430.663115924 1002777.5143697003,1522628.718115924 1002761.5113697003)"
100290 100010,100290,100010,1,"LINESTRING(1522427.4450791145 1002781.0265328647,1522425.7080791146 1002522.6915328646)"
100290 101999,100290,101999,1,"LINESTRING(1522434.4435285383 1002780.9015206117,1522440.4465285384 1002987.8565206117)"
100291 185,100291,185,1,"LINESTRING(1522142.2664967242 1002282.8017275562,1521740.2404967241 1002310.4917275561)"
100291 100249,100291,100249,1,"LINESTRING(1522138.526017481 1002279.2989380754,1522139.3730174808 1002011.3089380753)"
100291 100252,100291,100252,1,"LINESTRING(1522145.5259391568 1002279.2893626527,1522146.9909391566 1002527.7423626527)"
100292 185,100292,185,1,"LINESTRING(1521311.8937405932 1002316.5016133806,1521739.8937405932 1002303.5016133806)"
100292 101857,100292,101857,1,"LINESTRING(1521306.7500782765 1002319.9713312724,1521308.3110782765 1002034.1153312724)"
100292 101870,100292,101870,1,"LINESTRING(1521317.245254594 1002319.7768313525,1521326.833254594 1002545.1288313525)"
100293 186,100293,186,1,"LINESTRING(1522140.6994211914 1002785.1516050447,1521697.9474211913 1002778.4996050447)"
100293 100252,100293,100252,1,"LINESTRING(1522137.2522036557 1002781.6142435702,1522139.9912036555 1002527.7252435703)"
100293 100253,100293,100253,1,"LINESTRING(1522144.238225184 1002781.3417839983,1522163.0362251839 1002992.5947839983)"
100294 186,100294,186,1,"LINESTRING(1521329.1418031023 1002795.0631239436,1521697.7768031023 1002771.5071239437)"
100294 101870,100294,101870,1,"LINESTRING(1521322.3682994684 1002798.7708992119,1521314.5912994684 1002545.5668992118)"
100294 101871,100294,101871,1,"LINESTRING(1521334.6142507559 1002798.4673066909,1521338.1412507559 1003007.2103066909)"
100295 185,100295,185,1,"LINESTRING(1521715.1664669062 1002533.0063221683,1521736.5154669061 1002306.6713221683)"
100295 186,100295,186,1,"LINESTRING(1521722.138290685 1002533.6329994617,1521701.4872906848 1002775.2979994618)"
100295 100252,100295,100252,2,"LINESTRING(1521718.5821494109 1002528.0854514864,1522143.4221494107 1002522.5134514865)"
100296 186,100296,186,1,"LINESTRING(1521720.311420094 1003007.4246288098,1521694.521420094 1002775.3866288099)"
100296 100253,100296,100253,1,"LINESTRING(1521723.6198162837 1003001.790759058,1522159.3798162837 1002987.657759058)"
100296 101871,100296,101871,1,"LINESTRING(1521723.7935053895 1003012.2879988297,1521332.8955053894 1003012.5489988298)"
101764 100285,101764,100285,1,"LINESTRING(1518984.1579939453 1002970.570489812,1518985.2389939453 1003551.7354898119)"
101764 101868,101764,101868,1,"LINESTRING(1518975.4084000562 1002970.5121892786,1518980.139400056 1002587.3061892786)"
101764 101872,101764,101872,1,"LINESTRING(1518981.099959687 1002965.3456357769,1519736.816959687 1003029.1906357768)"
101778 177,101778,177,1,"LINESTRING(1518724.4859997523 1002099.4297380829,1519011.7719997524 1001862.300738083)"
101778 101861,101778,101861,2,"LINESTRING(1518726.766627168 1002096.8792637798,1518994.9036271682 1002099.5672637799)"
101834 100179,101834,100179,1,"LINESTRING(1519682.6645752336 999691.1260463165,1520431.4365752337 999709.4390463164)"
101834 101843,101834,101843,1,"LINESTRING(1519686.078641033 999694.574873773,1519697.4996410331 1000491.949873773)"
101841 100178,101841,100178,1,"LINESTRING(1521282.2949971973 999778.3075708103,1521283.3109971974 1000581.1625708103)"
101841 100179,101841,100179,1,"LINESTRING(1521278.5258008488 999781.8016320461,1520431.081800849 999716.427632046)"
101841 100192,101841,100192,1,"LINESTRING(1521279.114974192 999774.8266569013,1521417.255820524 999787.5087672321,1521563.6478128731 999795.5302462648,1521687.337843887 999835.7546465942,1521889.974190068 999938.0759699137,1522112.5621618214 1000133.3479566699)"
101842 110,101842,110,1,"LINESTRING(1521279.7429344996 1000641.0776619073,1521874.9319344996 1000629.5006619073)"
101842 100178,101842,100178,1,"LINESTRING(1521276.311 1000644.577,1521276.311 1000581.167)"
101842 101845,101842,101845,1,"LINESTRING(1521285.0573700836 1000644.3818053674,1521300.6173700837 1001062.5978053673)"
101843 111,101843,111,1,"LINESTRING(1519693.953337481 1000488.5003110697,1520443.953337481 1000478.5003110697)"
101843 101834,101843,101834,1,"LINESTRING(1519688.7505384502 1000492.0751893405,1519677.32953845 999694.7001893405)"
101843 101847,101843,101847,1,"LINESTRING(1519699.2489468423 1000491.8948475017,1519710.8449468422 1001070.7378475016)"
101844 100052,101844,100052,2,"LINESTRING(1522120.7192621871 1001000.5283398783,1522403.160262187 1000997.3143398783)"
101844 100255,101844,100255,1,"LINESTRING(1522117.4855112804 1001006.9624543271,1522096.7065112803 1000949.1844543271)"
101844 100274,101844,100274,1,"LINESTRING(1522123.5069979008 1001007.9707214722,1522079.6716064685 1001062.5069940079,1521706.871419701 1001060.9539696306)"
101844 100279,101844,100279,1,"LINESTRING(1522124.2780811782 1001005.8581929513,1522117.300081178 1001310.3311929513)"
101845 100274,101845,100274,1,"LINESTRING(1521295.325594784 1001059.2932945314,1521706.840594784 1001053.9542945315)"
101845 100278,101845,100278,1,"LINESTRING(1521298.870979301 1001062.8050371925,1521297.9439793008 1001332.3430371926)"
101845 101842,101845,101842,1,"LINESTRING(1521291.8734199442 1001062.9231297551,1521276.3134199441 1000644.7071297552)"
101845 101846,101845,101846,1,"LINESTRING(1521295.396748066 1001066.2929052897,1520460.385748066 1001072.4359052897)"
101846 111,101846,111,1,"LINESTRING(1520456.8613588458 1001069.0335196091,1520440.5013588457 1000482.0975196091)"
101846 175,101846,175,1,"LINESTRING(1520463.787726818 1001068.2284062867,1520522.4277268178 1001352.2924062867)"
101846 101845,101846,101845,1,"LINESTRING(1520460.3213779014 1001063.6861420653,1521295.3323779013 1001057.5431420653)"
101846 101847,101846,101847,1,"LINESTRING(1520460.3732647002 1001074.1859832426,1519705.6092647 1001076.0929832426)"
101847 100272,101847,100272,1,"LINESTRING(1519705.5855844617 1001074.3429845023,1518954.8835844619 1001072.1089845024)"
101847 101843,101847,101843,1,"LINESTRING(1519702.0967021051 1001070.9131016656,1519690.5007021052 1000492.0701016656)"
101847 101846,101847,101846,1,"LINESTRING(1519705.5871568664 1001067.3430111716,1520460.3511568666 1001065.4360111716)"
101847 101853,101847,101853,1,"LINESTRING(1519710.8452557314 1001070.7546016651,1519719.3802557315 1001577.5786016651)"
101853 100271,101853,100271,2,"LINESTRING(1519714.1932789553 1001582.91663059,1519005.7172789553 1001591.32163059)"
101853 101847,101853,101847,1,"LINESTRING(1519708.8817442686 1001577.7553983349,1519700.3467442684 1001070.9313983349)"
101853 101859,101853,101859,1,"LINESTRING(1519717.6309679628 1001577.6819752917,1519716.4999679627 1001842.0149752917)"
101854 108,101854,108,1,"LINESTRING(1520515.833161327 1001564.8332478064,1520496.490161327 1001822.2622478064)"
101854 175,101854,175,1,"LINESTRING(1520508.844731253 1001564.4609283217,1520515.501731253 1001352.8899283217)"
101854 101853,101854,101853,2,"LINESTRING(1520512.4291234214 1001569.8202935483,1519714.2171234214 1001582.9162935483)"
101855 100278,101855,100278,1,"LINESTRING(1521301.223303001 1001539.5255006915,1521290.9483030008 1001332.5045006915)"
101855 101854,101855,101854,2,"LINESTRING(1521304.8860075104 1001544.5993429935,1520512.5100075104 1001569.8183429935)"
101855 101856,101855,101856,1,"LINESTRING(1521308.2189819133 1001539.3632519986,1521307.4999819132 1001763.0112519986)"
101856 178,101856,178,1,"LINESTRING(1521304.560491025 1001759.545170075,1521680.560491025 1001820.545170075)"
101856 101855,101856,101855,1,"LINESTRING(1521300.5000180868 1001762.9887480014,1521301.2190180868 1001539.3407480014)"
101856 101857,101856,101857,1,"LINESTRING(1521309.2467391472 1001762.814991027,1521318.8077391472 1002033.958991027)"
101857 100275,101857,100275,2,"LINESTRING(1521313.4618890586 1002028.8949356051,1521712.4208890586 1002021.3619356052)"
101857 100292,101857,100292,1,"LINESTRING(1521317.0609478157 1002034.1631124851,1521315.4999478157 1002320.0191124851)"
101857 101856,101857,101856,1,"LINESTRING(1521310.0631739018 1002034.2673393154,1521300.5021739018 1001763.1233393154)"
101857 101858,101857,101858,2,"LINESTRING(1521313.791694224 1002039.3889289962,1520513.7096942242 1002074.5799289962)"
101858 108,101858,108,1,"LINESTRING(1520509.9909359876 1002069.6238069335,1520489.5119359875 1001822.2888069336)"
101858 184,101858,184,1,"LINESTRING(1520516.5642091047 1002067.6822795818,1520842.0852091047 1002675.3472795818)"
101858 101857,101858,101857,2,"LINESTRING(1520513.171407701 1002062.3417613384,1521313.253407701 1002027.1507613384)"
101858 101860,101858,101860,2,"LINESTRING(1520513.7387572876 1002076.3301787791,1519722.6257572875 1002105.7071787792)"
101859 101853,101859,101853,1,"LINESTRING(1519709.5000320373 1001841.9850247083,1519710.6310320373 1001577.6520247083)"
101859 101860,101859,101860,1,"LINESTRING(1519719.9953457394 1001841.7447785527,1519729.3613457393 1002098.4567785527)"
101860 101858,101860,101858,2,"LINESTRING(1519722.1711820343 1002093.4656159157,1520513.2841820344 1002064.0886159156)"
101860 101859,101860,101859,1,"LINESTRING(1519718.8683271303 1002098.8396107238,1519709.5023271304 1001842.1276107237)"
101860 101911,101860,101911,2,"LINESTRING(1519722.4107204047 1002103.9618095285,1519283.4827204049 1002107.7008095285)"
101861 101778,101861,101778,2,"LINESTRING(1518994.798372832 1002110.0667362201,1518726.6613728318 1002107.3787362201)"
101861 101868,101861,101868,1,"LINESTRING(1519000.0999910303 1002104.9199230991,1518990.6379910302 1002587.4739230991)"
101861 101911,101861,101911,2,"LINESTRING(1518994.807958967 1002099.5671764344,1519283.394958967 1002097.2011764344)"
101868 101764,101868,101764,1,"LINESTRING(1518990.6385999438 1002587.4358107215,1518985.907599944 1002970.6418107215)"
101868 101861,101868,101861,1,"LINESTRING(1518980.1400089697 1002587.268076901,1518989.6020089698 1002104.714076901)"
101868 101869,101868,101869,1,"LINESTRING(1518985.389 1002583.871,1519158.068 1002583.871)"
101869 134,101869,134,1,"LINESTRING(1519158.7482198894 1002583.9377361153,1519318.6462198894 1002615.6177361152)"
101869 101868,101869,101868,2,"LINESTRING(1519158.068 1002594.371,1518985.389 1002594.371)"
101870 100165,101870,100165,1,"LINESTRING(1521321.6947354667 1002548.8503721271,1521206.7817354668 1002552.3563721272)"
101870 100292,101870,100292,1,"LINESTRING(1521318.091163604 1002545.5007790982,1521308.503163604 1002320.1487790983)"
101870 100294,101870,100294,1,"LINESTRING(1521325.086350266 1002545.244550394,1521332.863350266 1002798.448550394)"
101870 100295,101870,100295,2,"LINESTRING(1521321.4291829446 1002540.1044027266,1521718.4921829447 1002528.0874027266)"
101871 100287,101871,100287,1,"LINESTRING(1521333.1476823383 1003012.5427702602,1520485.3496823383 1003053.8807702602)"
101871 100294,101871,100294,1,"LINESTRING(1521329.3924994962 1003007.3581288727,1521325.8654994962 1002798.6151288727)"
101871 100296,101871,100296,1,"LINESTRING(1521332.8896630737 1003003.7990007802,1521723.7876630737 1003003.5380007802)"
101871 101880,101871,101880,1,"LINESTRING(1521338.1405985416 1003007.1777014046,1521349.6635985416 1003505.7787014046)"
101872 100287,101872,100287,1,"LINESTRING(1519736.8673435342 1003029.1951369022,1520061.1456035292 1003059.7404757827,1520484.8915876145 1003043.3909034296)"
101872 101764,101872,101764,1,"LINESTRING(1519735.933040313 1003039.6533642232,1518980.216040313 1002975.8083642232)"
101872 101878,101872,101878,1,"LINESTRING(1519739.8747791373 1003034.3826809142,1519745.4547791374 1003531.0566809142)"
101878 100285,101878,100285,2,"LINESTRING(1519742.0975273205 1003536.3440649732,1518981.8815273205 1003556.9900649731)"
101878 101872,101878,101872,1,"LINESTRING(1519738.4552208628 1003531.1353190858,1519732.8752208627 1003034.4613190858)"
101878 101882,101878,101882,1,"LINESTRING(1519745.4547696428 1003531.0558446996,1519750.3117696426 1003954.3718446996)"
101879 101878,101879,101878,2,"LINESTRING(1520489.884367475 1003525.0384000422,1519742.0343674752 1003536.3454000422)"
101879 101913,101879,101913,1,"LINESTRING(1520493.304557129 1003519.7333232516,1520494.841557129 1003616.3413232516)"
101880 101871,101880,101871,1,"LINESTRING(1521339.1664014584 1003506.0212985955,1521327.6434014584 1003007.4202985954)"
101880 101879,101880,101879,2,"LINESTRING(1521344.5003109868 1003511.1493068148,1520489.8903109867 1003525.0383068147)"
101880 101881,101880,101881,1,"LINESTRING(1521347.9149832644 1003505.8891764677,1521349.0999832645 1003889.0801764677)"
101881 100163,101881,100163,1,"LINESTRING(1521343.5255437384 1003886.2720230191,1521446.9255437383 1003810.1810230191)"
101881 101880,101881,101880,1,"LINESTRING(1521342.1000167357 1003889.1018235324,1521340.9150167357 1003505.9108235324)"
101882 133,101882,133,1,"LINESTRING(1519746.8044571443 1003950.9120081278,1520401.9924571444 1003949.5000081278)"
101882 101878,101882,101878,1,"LINESTRING(1519743.3122303572 1003954.4521553004,1519738.4552303574 1003531.1361553004)"
101911 134,101911,134,1,"LINESTRING(1519286.9302085193 1002102.21759122,1519321.4582085193 1002618.81759122)"
101911 177,101911,177,1,"LINESTRING(1519281.123905046 1002105.0768264495,1519011.6859050458 1001867.6258264495)"
101911 101860,101911,101860,2,"LINESTRING(1519283.3932795953 1002097.2011904715,1519722.3212795951 1002093.4621904716)"
101911 101861,101911,101861,2,"LINESTRING(1519283.481041033 1002107.7008235656,1518994.894041033 1002110.0668235656)"
101913 133,101913,133,1,"LINESTRING(1520494.7248678769 1003617.2948891509,1520405.382867877 1003953.8978891509)"
101960 132,101960,132,1,"LINESTRING(1522441.0211377398 1003272.2562360826,1522266.6821377398 1003288.3202360827)"
101960 182,101960,182,1,"LINESTRING(1522440.7185167447 1003265.2710489817,1522673.0185167447 1003266.5000489817)"
101960 101986,101960,101986,1,"LINESTRING(1522444.1993185112 1003268.7019351294,1522448.5523185113 1003489.2559351294)"
101960 101999,101960,101999,1,"LINESTRING(1522437.2003123714 1003268.8177600431,1522433.4483123715 1002988.0047600431)"
101986 100282,101986,100282,2,"LINESTRING(1522445.1249706065 1003494.5745066655,1522175.7268810621 1003498.26794781,1522162.9046644105 1003491.4622758293)"
101986 101960,101986,101960,1,"LINESTRING(1522441.5536814888 1003489.3940648705,1522437.2006814887 1003268.8400648705)"
101986 102006,101986,102006,1,"LINESTRING(1522448.5528735407 1003489.295247681,1522449.7538735406 1003630.573247681)"
101987 101986,101987,101986,2,"LINESTRING(1522704.2442478582 1003492.143769009,1522445.1022478582 1003494.574769009)"
101987 102007,101987,102007,1,"LINESTRING(1522707.6942235075 1003486.8202786003,1522713.6082235074 1003767.5312786003)"
101988 100284,101988,100284,2,"LINESTRING(1522879.8992282997 1003483.0019709785,1522860.7672282998 1003247.4249709784)"
101988 101987,101988,101987,2,"LINESTRING(1522885.2572248122 1003487.8255063349,1522704.3202248123 1003492.1425063348)"
101988 102009,101988,102009,1,"LINESTRING(1522888.631865162 1003482.6077221138,1522886.1298651618 1003767.6357221138)"
101999 100253,101999,100253,1,"LINESTRING(1522437.0416114212 1002993.2071653529,1522159.643611421 1002998.1541653529)"
101999 100283,101999,100283,1,"LINESTRING(1522436.976879343 1002984.4581191472,1522640.696879343 1002986.1391191472)"
101999 100290,101999,100290,1,"LINESTRING(1522433.4494714618 1002988.0594793883,1522427.4464714618 1002781.1044793883)"
101999 101960,101999,101960,1,"LINESTRING(1522440.4476876287 1002987.9112399569,1522444.1996876285 1003268.7242399568)"
102000 134,102000,134,1,"LINESTRING(1520485.2532587016 1002974.8008807838,1519316.9552587017 1002622.4018807838)"
102000 184,102000,184,1,"LINESTRING(1520484.0210926887 1002968.7631120618,1520836.7570926887 1002674.3131120618)"
102000 100287,102000,100287,1,"LINESTRING(1520489.7635979808 1002971.5030468814,1520488.593597981 1003048.6900468814)"
102001 100285,102001,100285,1,"LINESTRING(1518975.5885179136 1003705.7637909749,1518978.2395179137 1003551.6817909748)"
102006 181,102006,181,1,"LINESTRING(1522446.9618109576 1003634.0306819642,1521839.7078109577 1003759.4276819642)"
102006 101986,102006,101986,1,"LINESTRING(1522442.7541264594 1003630.632752319,1522441.5531264595 1003489.3547523189)"
102007 101987,102007,101987,1,"LINESTRING(1522706.6097764925 1003767.6787213996,1522700.6957764926 1003486.9677213996)"
102007 102009,102007,102009,1,"LINESTRING(1522710.109 1003764.105,1522882.63 1003764.105)"
102009 101988,102009,101988,1,"LINESTRING(1522879.130134838 1003767.5742778862,1522881.632134838 1003482.5462778863)"
102009 102007,102009,102007,1,"LINESTRING(1522882.63 1003771.105,1522710.109 1003771.105)"
102013 181,102013,181,1,"LINESTRING(1522166.6235654466 1003633.6102714442,1521840.2575654467 1003759.2662714442)"
102013 100282,102013,100282,1,"LINESTRING(1522161.866 1003630.344,1522161.866 1003486.825)"
