node_id,x_coord,y_coord
0,1520490.25911812,1001811.7658626881
1,1520508.1035592265,1001574.2806416991
2,1520497.3132266798,1001831.677090245
3,1520516.1419013452,1002059.0802958879
4,1522628.4189703073,1001783.6292627663
5,1522647.9234120192,1001991.4807418329
6,1522633.6592022246,1001769.6468617776
7,1522843.7343904607,1001751.3794541049
8,1522613.8819772291,1001777.1425491582
9,1522421.3033535783,1001770.2970325642
10,1522619.697814807,1001764.3179959427
11,1522600.360402821,1001527.4856598623
12,1521884.9456327804,1000629.3483717883
13,1522386.748944309,1000621.7184372467
14,1521876.1147161375,1000622.4639946881
15,1522102.8122475464,1000143.5202413051
16,1521883.6604490865,1000639.1030010341
17,1522097.0356852121,1000937.82833161
18,1521865.0699566638,1000636.693810951
19,1521289.877174337,1000647.8818652346
20,1520454.3427225365,1000479.7025904737
21,1521270.2930261076,1000576.5131657763
22,1520440.3360224597,1000472.0589100907
23,1520428.0159241473,999722.9942054998
24,1520434.0475512894,1000485.6330104134
25,1519704.0457737488,1000495.3663674473
26,1520447.7772686088,1000491.8985979743
27,1520463.5800136998,1001058.8423628075
28,1522256.5482770132,1003288.8300553919
29,1522170.2133191049,1003293.1472093401
30,1522275.9976796394,1003280.4322275176
31,1522430.4210448812,1003266.2033003169
32,1520392.0075660779,1003956.5215428885
33,1519756.8195196332,1003957.890440856
34,1519327.8005867728,1002615.1100733316
35,1520612.8543442662,1002557.9478417911
36,1519307.4764547257,1002620.5407784865
37,1519167.1971054955,1002592.747749283
38,1519313.8069092522,1002609.3066701537
39,1519280.6126737094,1002112.6621474063
40,1519328.5506863953,1002618.5879514971
41,1520477.7007962016,1002965.2112869351
42,1522618.5202849123,1002273.582120032
43,1522643.1098120373,1002508.9124144614
44,1522624.0,1002260.5
45,1522854.0,1002260.5
46,1522603.999404188,1002267.4982972147
47,1522436.0664038982,1002267.4697026837
48,1522611.7126760627,1002253.6550423295
49,1522640.7098876487,1002011.2774317256
50,1520513.5505768585,1001343.9140885199
51,1520458.953969506,1001079.4370989067
52,1520522.1837782376,1001363.1051252409
53,1520516.1557592566,1001554.6860181156
54,1519006.624909269,1001383.9554021914
55,1519009.0295422277,1001576.0289693442
56,1518997.9865921652,1001364.6664185929
57,1518952.9926711714,1001079.0318090593
58,1519010.20251802,1001855.1091390359
59,1519002.455612706,1001596.1721941043
60,1519008.5158233417,1001874.0649769101
61,1518736.6541771533,1002098.462546924
62,1519023.8164562385,1001868.9858734196
63,1519278.24973367,1002093.2134736814
64,1521677.4650137136,1001813.7129282821
65,1521702.4525926625,1001551.65562435
66,1521685.0405325554,1001833.3189608627
67,1521714.3910069368,1002016.182705171
68,1521689.7104363733,1001819.7623797429
69,1522122.3843767508,1001787.3331993892
70,1521669.568566332,1001825.8534269962
71,1521313.310451618,1001768.0562328538
72,1521700.0034383081,1001337.8093058731
73,1521709.8735251634,1001531.8681245262
74,1521692.9048760338,1001317.8673691652
75,1521702.9867836935,1001067.3051985156
76,1521686.0383287985,1001331.6076456134
77,1521304.4811656203,1001335.7229472743
78,1521705.8424357886,1001324.078717334
79,1522103.661458556,1001307.1785906347
80,1522600.7429857643,1001279.9116122588
81,1522606.289929686,1001507.1515681141
82,1522593.8998581835,1001259.8689032815
83,1522603.844663021,1001009.6291284114
84,1522587.6343935563,1001274.9533237267
85,1522410.35637529,1001301.71226988
86,1522607.3978177975,1001267.9664353833
87,1522833.551491894,1001300.6525505504
88,1521829.611284534,1003760.9093810098
89,1521459.4010374416,1003815.0170325079
90,1521848.0855660832,1003750.5500010139
91,1522435.7528120016,1003629.1976350576
92,1521847.0746386796,1003749.1406844223
93,1522154.776230427,1003630.6707726894
94,1522668.3774097164,1003260.4668127539
95,1522638.3366787543,1002999.9741314094
96,1522682.5155710098,1003265.3412546368
97,1522855.6560932605,1003244.707928151
98,1522662.981623203,1003273.4470460333
99,1522450.6813433073,1003272.3238560031
100,1520847.2910665865,1002670.4039242835
101,1521196.0801991704,1002548.844022121
102,1520828.5341124742,1002675.352214123
103,1520630.1540010602,1002568.8147468822
104,1520831.1927325574,1002669.8378372622
105,1520515.1158492332,1002079.8026035741
106,1520833.5660846308,1002686.0951945422
107,1520496.1837299918,1002967.7285813341
108,1521735.5412954718,1002297.3890711203
109,1521710.0120828578,1002036.9047044647
110,1521749.7358677217,1002302.8211389463
111,1522131.80913883,1002276.5054059415
112,1521730.1108690659,1002310.8019849241
113,1521322.101649748,1002323.1947883146
114,1521742.545453575,1002317.2844866716
115,1521723.0746126128,1002523.7078689917
116,1521708.051450365,1002771.6506201233
117,1522130.8057072526,1002778.0021697873
118,1521688.2435510224,1002779.1305814784
119,1521339.5678427727,1002801.4111706343
120,1521695.364136349,1002764.7383128672
121,1521714.3122822815,1002543.0006882093
122,1521702.5832336484,1002784.5521709219
123,1521726.1639261637,1002996.7125714582
124,1522625.9781407143,1002754.8452786126
125,1522636.697734122,1002529.0447790802
126,1522633.014000147,1002774.8049886699
127,1522643.6445763386,1002979.4709129968
128,1522639.0890911717,1002761.7657706747
129,1522855.154090841,1002767.4836792096
130,1522619.3143689341,1002769.2940133741
131,1522441.1943992178,1002783.6862472253
132,1522851.9296085879,1002984.6517289268
133,1522650.8004776954,1002992.7346252608
134,1522856.6880385475,1002970.6721149374
135,1522859.6522456727,1002781.1636688033
136,1522439.1211285999,1002517.2557563465
137,1522630.5837837409,1002514.1356376025
138,1522425.5868521305,1002512.711229032
139,1522422.6886637665,1002274.0097550405
140,1522432.7751576416,1002532.6442410937
141,1522434.3776841296,1002770.979693177
142,1522636.1477150877,1002509.6398799679
143,1522611.5581879627,1002274.3095855386
144,1522643.6898592857,1002529.3767213874
145,1522632.9702658781,1002755.1772209198
146,1522650.4548863308,1002513.5846818475
147,1522850.4172068823,1002505.753361442
148,1522855.5027439522,1002500.5368859553
149,1522858.6132450583,1002273.9270021254
150,1522854.0,1002267.5
151,1522624.0,1002267.5
152,1522858.561925427,1002254.1010179848
153,1522853.9149503405,1002008.2894450948
154,1522436.067595812,1002260.4697027853
155,1522604.0005961019,1002260.4982973163
156,1522429.6881478697,1002273.9247709679
157,1522432.5863362337,1002512.6262449594
158,1522422.3755687838,1002254.0370717666
159,1522417.747722609,1002013.1443820723
160,1522424.7464312161,1002013.0099282335
161,1522429.374277391,1002253.9026179278
162,1522431.024052085,1001997.7704690798
163,1522635.3423957315,1001996.5727113346
164,1522417.1516493307,1001993.2294389156
165,1522408.343129134,1001776.5779290154
166,1522411.214845539,1002008.6228127839
167,1522153.024075207,1002016.2715827917
168,1522640.9540296926,1001992.1347372336
169,1522621.4495879808,1001784.2832581671
170,1522647.6603239372,1002012.1089576705
171,1522618.6631123512,1002254.4865682743
172,1522635.403947915,1002007.0725309202
173,1522431.0856042684,1002008.2702886654
174,1522655.2838202028,1001996.3475304019
175,1522848.8886161002,1001993.1099374442
176,1522849.0641797972,1002003.6084695981
177,1522655.4593838998,1002006.8460625558
178,1522853.5223983654,1001988.3010124147
179,1522848.9547800838,1001764.1048629876
180,1522844.3407977754,1001758.3531382224
181,1522634.2656095393,1001776.6205458951
182,1522848.474859379,1001744.1493492033
183,1522842.2541742485,1001519.7896661033
184,1522421.5520227707,1001763.3014508418
185,1522614.1306464216,1001770.1469674358
186,1522415.337350669,1001776.2935610844
187,1522424.1458708658,1001992.9450709847
188,1522408.0065067285,1001756.4189169643
189,1522409.6626768115,1001527.7193925648
190,1522416.6624932715,1001527.7700830357
191,1522415.0063231885,1001756.4696074352
192,1522403.316404181,1001523.1472177833
193,1522137.0180683148,1001527.2175558871
194,1522409.1330298923,1001507.9764872558
195,1522397.0609397315,1001309.938431188
196,1522607.3371851929,1001526.9160040574
197,1522626.6745971788,1001763.7483401378
198,1522599.2920142356,1001507.3223877413
199,1522593.7450703138,1001280.082431886
200,1522593.0491708065,1001522.5109039522
201,1522423.249098322,1001522.9680579933
202,1522837.3928396981,1001515.2059783913
203,1522613.193195731,1001522.1709585262
204,1522841.7666452054,1001499.7601861398
205,1522837.9086594423,1001315.6547963348
206,1522399.5504898233,1000992.624950998
207,1522393.4715219408,1000635.124060243
208,1522413.1475097004,1000997.17818055
209,1522597.6683677516,1000994.6627949268
210,1522406.6096253823,1001012.6019499784
211,1522403.5559498544,1001289.783163587
212,1522831.490376743,1000987.3797620219
213,1522832.5046519113,1000553.2327074417
214,1522386.8553672195,1000628.7176282117
215,1521885.052055691,1000636.3475627532
216,1522400.4705101766,1000635.005049002
217,1522406.5494780592,1000992.505939757
218,1522393.0889328993,1000615.1427667647
219,1522388.2016531103,1000385.5942353089
220,1522393.1663330167,999912.7336584849
221,1522839.2665618046,1000089.4468228165
222,1522386.3485524624,999921.3066263837
223,1522394.7971814547,1000365.4572437634
224,1522838.2285514076,1000096.3694331923
225,1522390.0257027016,999918.9895709865
226,1521458.388715466,1003808.0906189902
227,1521828.5989625584,1003753.9829674921
228,1521443.0202363164,1003821.7459948712
229,1521355.7286762071,1003885.9829590906
230,1521198.3839334135,1002555.4540757166
231,1520849.5948008297,1002677.013977879
232,1521216.5102457348,1002543.3054833332
233,1521311.4325478652,1002540.4094002853
234,1521269.4682774635,1000583.4644095263
235,1520453.5179738924,1000486.6538342237
236,1521276.2983479747,1000571.171437197
237,1521275.3076576304,999788.3164211826
238,1521283.311,1000591.167
239,1521283.311,1000634.577
240,1520435.0149775404,999722.8790899093
241,1520447.3350758527,1000471.9437945002
242,1520421.2256266254,999717.9419298578
243,1519882.657054262,999704.7699545894
244,1519692.447647674,999700.1179311927
245,1520441.5905764257,999710.2175083855
246,1521269.0938218764,999774.0532275223
247,1522109.1392838624,1000146.5150053119
248,1521882.4417524536,1000625.4587586949
249,1522120.1362751026,1000139.7987694694
250,1522386.1446968606,1000366.3732781461
251,1522100.4285715206,1000132.0152952687
252,1521288.433148947,999782.7115550765
253,1522117.1988060288,1001527.8386150098
254,1521717.123372871,1001546.8036075823
255,1522130.650105189,1001532.0445930125
256,1522135.905323212,1001780.0040832957
257,1522122.82680131,1001512.3567887193
258,1522110.9266182217,1001320.4484471999
259,1522152.7131544608,1002005.776187216
260,1522410.9039247928,1001998.1274172083
261,1522133.0657280614,1002016.9217780324
262,1521722.7001152725,1002031.5026002533
263,1522138.9137354943,1002001.4927814426
264,1522129.584772039,1001800.2273313479
265,1522146.3413770199,1002021.331011979
266,1522145.5575880182,1002269.3211118701
267,1522395.2000671006,1000385.4452332353
268,1522400.0873468895,1000614.993764691
269,1522387.7984475375,1000365.5903736163
270,1522379.3498185452,999921.4397562366
271,1522381.6057248972,1000371.7022305307
272,1522115.5973031393,1000145.1277218539
273,1522401.5332408666,1000378.8899572338
274,1522829.5273546248,1000536.5984331489
275,1522832.771392158,1000533.1209505178
276,1522843.146679255,1000104.2611002078
277,1522827.1833112591,1000543.1943000902
278,1522397.240453271,1000384.419150182
279,1522153.395805565,1002522.3355395701
280,1522419.1159847272,1002517.5971294899
281,1522139.9320969936,1002517.7838111857
282,1522138.585024693,1002289.3304635092
283,1522146.8829208307,1002537.8001745566
284,1522144.3596718581,1002771.690338303
285,1522163.0668497311,1003002.8990866501
286,1522163.534140326,1003280.1451150582
287,1522155.1774433828,1002983.2545726193
288,1522138.1521062497,1002791.922859384
289,1522149.6687111596,1002996.7273200876
290,1521733.898200462,1003010.2120011682
291,1522169.454798775,1002987.4775271782
292,1522236.567023958,1002986.2806758023
293,1522426.855978383,1002982.887142116
294,1522169.8637229868,1003286.155944608
295,1522256.1986808951,1003281.8387906598
296,1522156.5341502689,1003280.1569133499
297,1522156.066859674,1003002.9108849418
298,1522163.8198681735,1003300.0527994673
299,1522168.594577109,1003476.7340986602
300,1522091.3395509135,1000941.8969989659
301,1521877.9643147879,1000643.17166839
302,1522106.6776439399,1000956.2255134436
303,1522120.6883334997,1000995.1835779021
304,1519002.030090731,1001576.1165978087
305,1518999.6254577723,1001384.0430306558
306,1519009.45248198,1001595.9628609641
307,1519017.199387294,1001854.8998058958
308,1518959.907407835,1001077.9425814071
309,1519004.9013288287,1001363.5771909407
310,1518964.9095790284,1001063.3887819272
311,1519505.4244233072,1001064.9972899131
312,1519695.6116675863,1001065.5632645659
313,1521709.4209862864,1001552.320071718
314,1521684.4334073374,1001814.3773756501
315,1521702.8825616918,1001532.2236941269
316,1521693.0124748365,1001338.1648754738
317,1521696.8512244532,1001547.2162209798
318,1521314.6837800613,1001544.6685457143
319,1521709.9811239662,1001067.5866308348
320,1521699.8992163064,1001318.1488014844
321,1521716.9077836783,1001052.245703551
322,1521932.93041693,1001053.1456183778
323,1522110.4220846575,1001010.2831975078
324,1521696.9549493426,1001062.8332873917
325,1521495.6897160967,1001065.4445046749
326,1521305.4382663057,1001067.9128290139
327,1521707.4794674446,1002017.2920391373
328,1521678.1289930632,1001834.428294829
329,1521716.9787045282,1002036.2219288797
330,1521742.5079171422,1002296.7062955353
331,1521722.3272719386,1002021.0092219675
332,1522132.6928847274,1002006.4283997467
333,1521702.653930027,1002033.7985352721
334,1521513.6725965436,1002037.3668126769
335,1521323.6913658169,1002040.9539697808
336,1522610.8391418166,1001009.9070967184
337,1522600.8943369791,1001260.1468715885
338,1522617.6838007388,1000994.4221753607
339,1522826.6628846398,1000992.2463936873
340,1522122.9075636268,1001794.3136202571
341,1521690.2336232492,1001826.7428006108
342,1522128.906894811,1001780.1524069875
343,1522123.651676788,1001532.1929167043
344,1522136.5772645057,1001799.9032185574
345,1522145.906227961,1002001.1686686521
346,1521304.4056712014,1001328.7233543866
347,1521685.9628343796,1001324.6080527257
348,1521289.2284230276,1001322.3130033518
349,1521289.431811718,1001263.1749442111
350,1521290.0866390702,1001072.7748850705
351,1521300.1832617603,1001342.0584546747
352,1521309.466829237,1001529.1040432508
353,1522103.9585642114,1001314.1722826661
354,1521706.139541444,1001331.0724093653
355,1522117.91319869,1001320.0152112808
356,1522129.8133817783,1001511.9235528002
357,1522110.53104154,1001300.1734322543
358,1522117.050796104,1001015.6951818432
359,1522409.3116064437,1001294.7906762733
360,1522586.58962471,1001268.03173012
361,1522404.0479701078,1001309.5125127442
362,1522416.1200602686,1001507.550568812
363,1522396.5563746176,1001289.7060500216
364,1522399.6100501455,1001012.524836413
365,1522832.5501822026,1001307.5805646167
366,1522606.396508106,1001274.8944494496
367,1522837.496910822,1001295.6551787939
368,1522831.6702350471,1001007.4960914243
369,1522161.5971318264,1003476.9232005326
370,1522156.822422891,1003300.2419013397
371,1522155.4906504275,1003492.3058731806
372,1521354.5342538452,1003510.9162936136
373,1522168.866,1003496.825
374,1522168.866,1003620.344
375,1522645.2905902837,1002999.172187246
376,1522675.3313212458,1003259.6648685905
377,1522636.653999853,1002979.83401133
378,1522626.0234236615,1002775.1680870032
379,1522650.4491198414,1002983.9916825262
380,1522661.4679228442,1002983.5488633184
381,1522851.578250734,1002975.9087861922
382,1522630.6250214067,1002994.8063088711
383,1522446.9043405654,1002993.2903336872
384,1522856.4844289902,1003251.6587453632
385,1522683.3439067395,1003272.292071849
386,1522860.5922170298,1003237.0844373157
387,1522856.6901010058,1002990.8349267718
388,1518978.2204055174,1003541.748527487
389,1518977.1766065923,1002980.5834928891
390,1518985.0664563004,1003561.8007292721
391,1518982.7595078724,1003695.8856887782
392,1520494.8264514909,1003042.9062157621
393,1521132.6839591712,1003011.8047580416
394,1521322.6481838326,1003002.5422437174
395,1520475.2363766942,1003052.5199451144
396,1519746.0027006874,1003038.8443726067
397,1520488.693809017,1003058.60150576
398,1520493.2048410864,1003509.7545054643
399,1520481.7459645376,1003038.5851017444
400,1520482.6128395007,1002981.3958044928
401,1520613.1654132272,1002564.9409266684
402,1519328.1116557338,1002622.1031582089
403,1520633.4658875258,1002562.647785877
404,1520831.8459989398,1002669.1852531178
405,1522854.9689088282,1002774.4812293253
406,1522638.903909159,1002768.7633207904
407,1522859.6383217191,1002761.3379340837
408,1522855.5362035218,1002520.6960288626
409,1522440.630631066,1002776.7089866259
410,1522618.7506007822,1002762.3167527748
411,1522427.3778423585,1002771.0267589063
412,1522425.7753158705,1002532.6913068229
413,1522434.7334696478,1002790.8973164356
414,1522440.1565874289,1002977.8607247878
415,1522132.2901322783,1002283.4888610537
416,1521750.21686117,1002309.8045940585
417,1522138.55762298,1002269.298988021
418,1522139.3414119817,1002021.3088881299
419,1522145.5849030064,1002289.2891888143
420,1522146.931975307,1002517.7425364909
421,1521321.8891309341,1002316.1980150759
422,1521729.898350252,1002303.8052116854
423,1521306.8046853768,1002309.9714803703
424,1521307.21563968,1002234.7160330268
425,1521308.2564711762,1002044.1151821745
426,1521317.670337732,1002329.7677924837
427,1521318.3105879272,1002344.8159424636
428,1521326.4081714558,1002535.1378702212
429,1522130.700549635,1002785.0013798767
430,1521707.9462927475,1002778.6498302127
431,1522137.3600791693,1002771.6148254435
432,1522139.8833281419,1002537.724661697
433,1522145.1245566173,1002791.3024273807
434,1522162.1498937504,1002982.634140616
435,1521339.1214489776,1002794.4254185216
436,1521687.7971572273,1002772.1448293657
437,1521322.0613005944,1002788.7756127382
438,1521320.7391255554,1002745.7281640341
439,1521314.8982983425,1002555.5621856856
440,1521334.7831903922,1002808.465879559
441,1521337.9723111195,1002997.2117338228
442,1521716.105546425,1002523.0505133284
443,1521735.5763873872,1002316.6271310083
444,1521721.2868636511,1002543.5966871327
445,1521702.3387177186,1002765.3343117906
446,1521728.5812894367,1002527.954307507
447,1522133.423009385,1002522.644595466
448,1521719.2067663516,1002997.485829078
449,1521695.6260738363,1002785.3254285417
450,1521733.614560935,1003001.4665995983
451,1521959.0303909963,1002994.1556900925
452,1522149.3850716322,1002987.9819185177
453,1521713.7935076186,1003012.2946757618
454,1521533.35601821,1003012.4151526759
455,1521342.8955031605,1003012.5423218977
456,1518984.1765944827,1002980.570472513
457,1518985.2203934079,1003541.735507111
458,1518975.5318490495,1002960.5129512904
459,1518977.6689039727,1002787.4137610802
460,1518980.0159510628,1002597.305427267
461,1518991.0644629693,1002966.1874637522
462,1519537.4193343574,1003012.3449893389
463,1519726.852456405,1003028.3488078015
464,1518732.1981766582,1002093.0640230898
465,1519004.0598228467,1001868.666453076
466,1518736.7661247302,1002096.9795060047
467,1518984.904129606,1002099.467021555
468,1519692.661585758,999691.3705469839
469,1520421.4395647093,999709.194545649
470,1519686.2218588244,999704.5738481537
471,1519697.3564232418,1000481.9508993925
472,1521282.3076520253,999788.307562803
473,1521283.2983423695,1000571.1625788175
474,1521268.5554235743,999781.0324916145
475,1520441.0521781235,999717.1967724777
476,1521289.0730973314,999775.7408688791
477,1522105.0448951635,1000126.7532086083
478,1521289.7410433362,1000640.8831890491
479,1521864.933825663,1000629.6951347655
480,1521276.311,1000634.577
481,1521276.311,1000591.167
482,1521285.429169384,1000654.3748912412
483,1521293.1723940072,1000862.4944560851
484,1521300.2455707833,1001052.6047194937
485,1519703.9524487106,1000488.3669895866
486,1520433.9542262512,1000478.6336325527
487,1519688.6073206589,1000482.0762149598
488,1519680.1955359408,999894.7942922263
489,1519677.4727562414,999704.6991637211
490,1519699.4492373152,1000501.8928414867
491,1519706.8324900947,1000870.4461519999
492,1519710.6446563692,1001060.7398535165
493,1522130.7186148,1001000.4145535679
494,1522393.1609095742,1000997.4281261887
495,1522114.1013560602,1000997.5524865565
496,1522100.0906665004,1000958.5944220979
497,1522117.242079409,1001015.7650011881
498,1521716.8713329313,1001060.9956276275
499,1522124.04895846,1001015.8555677457
500,1522117.5292038962,1001300.3338181569
501,1521305.3247532654,1001059.1635653425
502,1521696.8414363023,1001054.0840237204
503,1521298.8365873222,1001072.8049780519
504,1521297.9783712795,1001322.3430963332
505,1521291.5016206438,1001052.9300438813
506,1521276.6852192446,1000654.700215629
507,1521285.3970186666,1001066.3664711921
508,1520470.385477465,1001072.3623393873
509,1520456.5827313913,1001059.0374020257
510,1520440.7799863003,1000492.0936371925
511,1520465.8094231416,1001078.0219114801
512,1520520.406030494,1001342.4989010933
513,1520470.3211073007,1001063.6125761629
514,1521095.3297431709,1001059.0145193108
515,1521285.3326485022,1001057.6167079677
516,1520450.373296619,1001074.2112493379
517,1519905.8119172198,1001075.5871476989
518,1519715.609232781,1001076.0677171473
519,1519695.5856287407,1001074.3132258217
520,1518964.8835401828,1001072.138743183
521,1519701.8964116322,1001060.9151076805
522,1519690.7009925782,1000502.0680956508
523,1519715.5871249477,1001067.3177450763
524,1520450.3511887856,1001065.4612772668
525,1519711.013633512,1001080.7531840107
526,1519716.006737945,1001377.2529099655
527,1519719.211877951,1001567.5800193194
528,1519704.1939825932,1001583.0352571715
529,1519015.716575317,1001591.2030040085
530,1519708.713366488,1001567.7568159893
531,1519703.720262055,1001271.2570900345
532,1519700.515122049,1001080.9299806806
533,1519717.5881814153,1001587.6818837569
534,1519716.5427545102,1001832.0150668266
535,1520515.0838818802,1001574.8051373119
536,1520497.2394407736,1001812.2903583009
537,1520509.1592217626,1001554.4658747591
538,1520515.1872407435,1001362.8849818844
539,1520502.4304690438,1001569.9843381601
540,1519724.2157777993,1001582.7522489364
541,1521300.7275867392,1001529.5377949795
542,1521291.4440192624,1001342.4922064034
543,1521294.891068475,1001544.9174525369
544,1520522.5049465457,1001569.5002334501
545,1521308.1868333458,1001549.3632003219
546,1521307.5321304807,1001753.0113036752
547,1521314.431433668,1001761.1465730038
548,1521670.689548382,1001818.9437671462
549,1521300.5321666542,1001752.988799678
550,1521301.1868695193,1001549.3406963247
551,1521309.5991371912,1001772.808779879
552,1521311.7516505865,1001833.8527179642
553,1521318.4553411033,1002023.965202175
554,1521323.4601069535,1002028.7061528595
555,1521702.4226711637,1002021.5507183508
556,1521317.0063407153,1002044.1629633872
557,1521315.554554916,1002310.019261583
558,1521309.7107758578,1002024.2735504634
559,1521300.8545719457,1001773.1171281674
560,1521303.801353279,1002039.8283465661
561,1520523.7000351693,1002074.1405114263
562,1520509.1657733202,1002059.657909755
563,1520490.3370986548,1001832.2547041121
564,1520521.2862674426,1002076.4971627378
565,1520837.3631507668,1002666.5323964258
566,1520523.161748646,1002061.9023437685
567,1521113.2329077008,1002035.9485113384
568,1521303.2630667556,1002027.5901789083
569,1520503.745644746,1002076.7012606184
570,1519922.6543287162,1002098.2793658841
571,1519732.6188698292,1002105.3360969399
572,1519709.5428185847,1001831.9851162431
573,1519710.5882454899,1001587.6519331734
574,1519720.3599478072,1001851.7381296089
575,1519722.0441582394,1001897.9005285527
576,1519728.9967436716,1002088.4634274966
577,1519732.1642945758,1002093.0945340764
578,1520503.2910694927,1002064.4596977549
579,1519718.5037250626,1002088.8462596675
580,1519709.8669291981,1001852.1209617798
581,1519712.4110832077,1002104.0469912519
582,1519293.482357602,1002107.6156278051
583,1518984.7988752697,1002109.9664939953
584,1518736.660870394,1002107.4789784449
585,1518999.903947032,1002114.918001252
586,1518994.564132109,1002387.2440475804
587,1518990.8340350285,1002577.4758449462
588,1519004.8076229014,1002099.4851935146
589,1519273.3952950328,1002097.2831593542
590,1518990.5151509505,1002597.4350487097
591,1518988.3780960273,1002770.5342389198
592,1518986.0310489372,1002960.6425727331
593,1518980.336052968,1002577.2699987481
594,1518985.675867891,1002304.9439524197
595,1518989.4059649715,1002114.7121550539
596,1518995.389,1002583.871
597,1519148.068,1002583.871
598,1519168.5575452743,1002585.8812215135
599,1519308.8368945045,1002613.674250717
600,1519148.068,1002594.371
601,1518995.389,1002594.371
602,1521311.699386532,1002549.1553306032
603,1521216.7770844016,1002552.0514136511
604,1521317.666080466,1002535.5098179671
605,1521308.928246742,1002330.1397402296
606,1521325.39334914,1002555.2398368677
607,1521332.5563513918,1002788.4532639203
608,1521331.4246063223,1002539.8018940499
609,1521708.496759567,1002528.3899114034
610,1521323.1595485092,1003013.0297842378
611,1520685.3020408289,1003044.1312419584
612,1520495.3378161674,1003053.3937562826
613,1521329.22355986,1002997.3595560045
614,1521326.0344391325,1002808.6137017407
615,1521342.8896608446,1003003.7923238481
616,1521713.7876653029,1003003.5446777123
617,1521338.3716434853,1003017.17503196
618,1521345.0358876982,1003305.5373359427
619,1521349.432553598,1003495.7813708492
620,1519746.8232732445,1003030.1329341102
621,1520284.5660522582,1003051.1201491511
622,1520474.8990227184,1003043.7764508304
623,1519725.9685370307,1003038.8115362478
624,1519179.6136656427,1002992.6540106612
625,1518990.180543595,1002976.6501921986
626,1519739.9871193822,1003044.3820498778
627,1519745.3424388925,1003521.0573119507
628,1519732.101213086,1003536.6155455835
629,1518991.8778415553,1003556.7185843628
630,1519738.3428806178,1003521.1359501223
631,1519732.9875611076,1003044.4606880493
632,1519745.5694990726,1003541.0551865358
633,1519750.1970402128,1003944.3725028633
634,1520479.8855102516,1003525.1895761853
635,1519752.0332246986,1003536.1942238992
636,1520493.463633553,1003529.7320579061
637,1520494.6824807052,1003606.3425885971
638,1521338.9353565148,1003496.02396804
639,1521332.2711123019,1003207.6616640573
640,1521327.874446402,1003017.4176291508
641,1521334.5016313395,1003511.3118039323
642,1520499.888990634,1003524.8758096972
643,1521347.9459076424,1003515.8891286517
644,1521349.0690588865,1003879.0802242836
645,1521351.5797636837,1003880.3450051288
646,1521438.871323793,1003816.1080409094
647,1521342.0690923578,1003879.1018713483
648,1521340.9459411136,1003515.9107757164
649,1519756.804433922,1003950.8904571115
650,1520391.9924803667,1003949.521559144
651,1519743.1975009274,1003944.4528134642
652,1519738.5699597872,1003541.1354971367
653,1519287.597090748,1002112.1953298462
654,1519320.7913262907,1002608.8398525937
655,1519273.6215437616,1002098.4651265804
656,1519019.1882663302,1001874.2375263186
657,1519293.3929167923,1002097.1160087482
658,1519712.321642398,1002093.5473721949
659,1519273.4813770987,1002107.7828064854
660,1519004.8937049673,1002109.9848406458
661,1520492.1594703028,1003626.9602259421
662,1520407.948265451,1003944.2325523597
663,1522431.0633203606,1003273.1737724823
664,1522276.6399551188,1003287.402699683
665,1522450.718376797,1003265.3239539666
666,1522663.0186566927,1003266.4471439968
667,1522444.396646713,1003278.6999880188
668,1522448.3549903093,1003479.2578822399
669,1522437.0667122481,1003258.8186525325
670,1522433.5819124947,1002998.0038675537
671,1522435.1259102912,1003494.711593535
672,1522171.7375707522,1003496.1505340947
673,1522441.3563532871,1003479.3960119811
674,1522437.3980096907,1003278.83811776
675,1522448.6378801663,1003499.2948863681
676,1522449.668866915,1003620.5736089938
677,1522694.244687841,1003492.2375744531
678,1522455.1018078756,1003494.480963565
679,1522707.904856078,1003496.8180600503
680,1522713.3975909369,1003757.5334971504
681,1522879.0897597696,1003473.0347867873
682,1522861.5766968299,1003257.3921551694
683,1522875.2600698888,1003488.0640297867
684,1522714.3173797356,1003491.903982883
685,1522888.544087694,1003492.6073368622
686,1522886.2176426298,1003757.6361073654
687,1522427.043201225,1002993.3854728218
688,1522359.930976042,1002994.5823241977
689,1522169.6420216172,1002997.975857884
690,1522446.9765389222,1002984.5406315553
691,1522630.6972197634,1002986.0566067392
692,1522433.1595303523,1002978.0636835644
693,1522427.7364125713,1002791.1002752122
694,1522440.581287752,1002997.9103474674
695,1522444.0660875053,1003258.7251324463
696,1520475.6793136047,1002971.9130485029
697,1519326.5292037984,1002625.2897130648
698,1520491.6979153692,1002962.3548054578
699,1520829.0802700082,1002680.7214186658
700,1520489.6120354624,1002981.5018982555
701,1520488.7451604994,1003038.6911955072
702,1518975.7605436996,1003695.7652707279
703,1518978.0674921277,1003561.6803112217
704,1522437.1684339168,1003636.0529989861
705,1521849.5011879983,1003757.4053649424
706,1522442.6691198337,1003620.6331136319
707,1522441.638133085,1003499.3543910062
708,1522706.399143922,1003757.6809399497
709,1522700.9064090631,1003496.9655028495
710,1522720.109,1003764.105
711,1522872.63,1003764.105
712,1522879.2179123058,1003757.5746631378
713,1522881.5443573701,1003492.5458926347
714,1522872.63,1003771.105
715,1522720.109,1003771.105
716,1522157.2913613203,1003637.2033155777
717,1521849.589769573,1003755.6732273106
718,1522161.866,1003620.344
719,1522161.866,1003496.825
