road_link_id,name,from_node_id,to_node_id,facility_type,link_type,direction,length,lanes,free_speed,capacity,demand_type_code,geometry,
3073296,,108,101854,,1,1,1.00000,1,60.0,2000.0,"","LINESTRING (1520489.509839 1001821.737752 ,1520508.852839 1001564.308752 )"
3073296,,108,101858,,1,1,1.00000,1,60.0,2000.0,"","LINESTRING (1520496.488064 1001821.711193 ,1520516.967064 1002069.046193 )"
3073296,,109,100027,,1,1,1.00000,1,60.0,2000.0,"","LINESTRING (1522627.484691 1001773.673002 ,1522648.857691 1002001.437002 )"
3073296,,109,100038,,1,1,1.00000,1,60.0,2000.0,"","LINESTRING (1522623.696796 1001770.513158 ,1522853.696796 1001750.513158 )"
3073296,,109,100039,,1,1,1.00000,1,60.0,2000.0,"","LINESTRING (1522623.875665 1001777.497791 ,1522411.309665 1001769.941791 )"
3073296,,109,100041,,1,1,1.00000,1,60.0,2000.0,"","LINESTRING (1522620.511609 1001774.284828 ,1522599.546609 1001517.518828 )"
3073296,,110,100064,,1,1,1.00000,1,60.0,2000.0,"","LINESTRING (1521874.946789 1000629.500405 ,1522396.747789 1000621.566405 )"
3073296,,110,100192,,1,1,1.00000,1,60.0,2000.0,"","LINESTRING (1521871.836482 1000631.502618 ,1522107.090482 1000134.481618 )"
3073296,,110,100255,,1,1,1.00000,1,60.0,2000.0,"","LINESTRING (1521877.848067 1000630.965666 ,1522102.848067 1000945.965666 )"
3073296,,110,101842,,1,1,1.00000,1,60.0,2000.0,"","LINESTRING (1521875.068066 1000636.499338 ,1521279.879066 1000648.076338 )"
3073296,,111,100178,,1,1,1.00000,1,60.0,2000.0,"","LINESTRING (1520444.412374 1000478.524378 ,1521280.223374 1000577.691378 )"
3073296,,111,100179,,1,1,1.00000,1,60.0,2000.0,"","LINESTRING (1520440.500473 1000482.057558 ,1520427.851473 999712.995558 )"
3073296,,111,101843,,1,1,1.00000,1,60.0,2000.0,"","LINESTRING (1520444.046663 1000485.499689 ,1519694.046663 1000495.499689 )"
3073296,,111,101846,,1,1,1.00000,1,60.0,2000.0,"","LINESTRING (1520447.498641 1000481.902480 ,1520463.858641 1001068.838480 )"
3073296,,132,100254,,1,1,1.00000,1,60.0,2000.0,"","LINESTRING (1522266.535798 1003288.330632 ,1522160.225798 1003293.646632 )"
3073296,,132,101960,,1,1,1.00000,1,60.0,2000.0,"","LINESTRING (1522266.039862 1003281.349764 ,1522440.378862 1003265.285764 )"
3073296,,133,101882,,1,1,1.00000,1,60.0,2000.0,"","LINESTRING (1520402.007543 1003956.499992 ,1519746.819543 1003957.911992 )"
3073296,,134,100288,,1,1,1.00000,1,60.0,2000.0,"","LINESTRING (1519317.810466 1002615.554458 ,1520622.844466 1002557.503458 )"
3073296,,134,101869,,1,1,1.00000,1,60.0,2000.0,"","LINESTRING (1519317.285780 1002622.484264 ,1519157.387780 1002590.804264 )"
3073296,,134,101911,,1,1,1.00000,1,60.0,2000.0,"","LINESTRING (1519314.473791 1002619.284409 ,1519279.945791 1002102.684409 )"
3073296,,134,102000,,1,1,1.00000,1,60.0,2000.0,"","LINESTRING (1519318.976741 1002615.700119 ,1520487.274741 1002968.099119 )"
3073296,,135,100011,,1,1,1.00000,1,60.0,2000.0,"","LINESTRING (1522617.481048 1002263.636267 ,1522644.149048 1002518.858267 )"
3073296,,135,100024,,1,1,1.00000,1,60.0,2000.0,"","LINESTRING (1522614.000000 1002260.500000 ,1522864.000000 1002260.500000 )"
3073296,,135,100025,,1,1,1.00000,1,60.0,2000.0,"","LINESTRING (1522613.999404 1002267.500000 ,1522426.066404 1002267.468000 )"
3073296,,135,100027,,1,1,1.00000,1,60.0,2000.0,"","LINESTRING (1522610.524782 1002263.584237 ,1522641.897782 1002001.348237 )"
3073296,,175,101846,,1,1,1.00000,1,60.0,2000.0,"","LINESTRING (1520515.572273 1001353.707594 ,1520456.932273 1001069.643594 )"
3073296,,175,101854,,1,1,1.00000,1,60.0,2000.0,"","LINESTRING (1520522.498269 1001353.110072 ,1520515.841269 1001564.681072 )"
3073296,,176,100271,,1,1,1.00000,1,60.0,2000.0,"","LINESTRING (1519006.499726 1001373.956186 ,1519009.154726 1001586.028186 )"
3073296,,176,100272,,1,1,1.00000,1,60.0,2000.0,"","LINESTRING (1518999.542632 1001374.544614 ,1518951.436632 1001069.153614 )"
3073296,,177,100271,,1,1,1.00000,1,60.0,2000.0,"","LINESTRING (1519010.501565 1001865.104667 ,1519002.156565 1001586.176667 )"
3073296,,177,101778,,1,1,1.00000,1,60.0,2000.0,"","LINESTRING (1519016.228000 1001867.699262 ,1518728.942000 1002104.828262 )"
3073296,,177,101911,,1,1,1.00000,1,60.0,2000.0,"","LINESTRING (1519016.314095 1001862.374174 ,1519285.752095 1002099.825174 )"
3073296,,178,100273,,1,1,1.00000,1,60.0,2000.0,"","LINESTRING (1521676.515803 1001823.667776 ,1521703.401803 1001541.700776 )"
3073296,,178,100275,,1,1,1.00000,1,60.0,2000.0,"","LINESTRING (1521683.455770 1001823.445333 ,1521715.975770 1002026.056333 )"
3073296,,178,100277,,1,1,1.00000,1,60.0,2000.0,"","LINESTRING (1521679.738407 1001820.509790 ,1522132.356407 1001786.585790 )"
3073296,,178,101856,,1,1,1.00000,1,60.0,2000.0,"","LINESTRING (1521679.439509 1001827.454830 ,1521303.439509 1001766.454830 )"
3073296,,179,100273,,1,1,1.00000,1,60.0,2000.0,"","LINESTRING (1521699.495482 1001327.822215 ,1521710.381482 1001541.855215 )"
3073296,,179,100274,,1,1,1.00000,1,60.0,2000.0,"","LINESTRING (1521692.502830 1001327.859284 ,1521703.388830 1001057.313284 )"
3073296,,179,100278,,1,1,1.00000,1,60.0,2000.0,"","LINESTRING (1521696.037747 1001331.499796 ,1521294.481747 1001335.830796 )"
3073296,,179,100279,,1,1,1.00000,1,60.0,2000.0,"","LINESTRING (1521695.851447 1001324.503154 ,1522113.652447 1001306.754154 )"
3073296,,180,100041,,1,1,1.00000,1,60.0,2000.0,"","LINESTRING (1522600.498958 1001269.914590 ,1522606.533958 1001517.148590 )"
3073296,,180,100276,,1,1,1.00000,1,60.0,2000.0,"","LINESTRING (1522593.502761 1001269.861016 ,1522604.241761 1000999.637016 )"
3073296,,180,100280,,1,1,1.00000,1,60.0,2000.0,"","LINESTRING (1522597.522384 1001273.460797 ,1522400.468384 1001303.204797 )"
3073296,,180,100281,,1,1,1.00000,1,60.0,2000.0,"","LINESTRING (1522597.500655 1001266.535993 ,1522843.448655 1001302.082993 )"
3073296,,181,100163,,1,1,1.00000,1,60.0,2000.0,"","LINESTRING (1521839.506161 1003759.463207 ,1521449.506161 1003816.463207 )"
3073296,,181,102006,,1,1,1.00000,1,60.0,2000.0,"","LINESTRING (1521838.292189 1003752.572318 ,1522445.546189 1003627.175318 )"
3073296,,181,102013,,1,1,1.00000,1,60.0,2000.0,"","LINESTRING (1521837.742435 1003752.733729 ,1522164.108435 1003627.077729 )"
3073296,,182,100283,,1,1,1.00000,1,60.0,2000.0,"","LINESTRING (1522669.523044 1003270.400972 ,1522637.191044 1002990.039972 )"
3073296,,182,100284,,1,1,1.00000,1,60.0,2000.0,"","LINESTRING (1522672.585832 1003266.524591 ,1522865.585832 1003243.524591 )"
3073296,,182,101960,,1,1,1.00000,1,60.0,2000.0,"","LINESTRING (1522672.981483 1003273.499951 ,1522440.681483 1003272.270951 )"
3073296,,184,100165,,1,1,1.00000,1,60.0,2000.0,"","LINESTRING (1520837.848133 1002673.694973 ,1521205.523133 1002545.552973 )"
3073296,,184,100288,,1,1,1.00000,1,60.0,2000.0,"","LINESTRING (1520837.344057 1002680.083481 ,1520621.344057 1002564.083481 )"
3073296,,184,101858,,1,1,1.00000,1,60.0,2000.0,"","LINESTRING (1520835.914791 1002678.652720 ,1520510.393791 1002070.987720 )"
3073296,,184,102000,,1,1,1.00000,1,60.0,2000.0,"","LINESTRING (1520841.242907 1002679.686888 ,1520488.506907 1002974.136888 )"
3073296,,185,100275,,1,1,1.00000,1,60.0,2000.0,"","LINESTRING (1521736.516689 1002307.341388 ,1521709.036689 1002026.952388 )"
3073296,,185,100291,,1,1,1.00000,1,60.0,2000.0,"","LINESTRING (1521739.759503 1002303.508272 ,1522141.785503 1002275.818272 )"
3073296,,185,100292,,1,1,1.00000,1,60.0,2000.0,"","LINESTRING (1521740.106259 1002310.498387 ,1521312.106259 1002323.498387 )"
3073296,,185,100295,,1,1,1.00000,1,60.0,2000.0,"","LINESTRING (1521743.484533 1002307.328678 ,1521722.135533 1002533.663678 )"
3073296,,186,100293,,1,1,1.00000,1,60.0,2000.0,"","LINESTRING (1521698.052579 1002771.500395 ,1522140.804579 1002778.152395 )"
3073296,,186,100294,,1,1,1.00000,1,60.0,2000.0,"","LINESTRING (1521698.223197 1002778.492876 ,1521329.588197 1002802.048876 )"
3073296,,186,100295,,1,1,1.00000,1,60.0,2000.0,"","LINESTRING (1521694.512709 1002774.702001 ,1521715.163709 1002533.037001 )"
3073296,,186,100296,,1,1,1.00000,1,60.0,2000.0,"","LINESTRING (1521701.478580 1002774.613371 ,1521727.268580 1003006.651371 )"
3073296,,187,100011,,1,1,1.00000,1,60.0,2000.0,"","LINESTRING (1522625.503937 1002764.834029 ,1522637.171937 1002519.056029 )"
3073296,,187,100283,,1,1,1.00000,1,60.0,2000.0,"","LINESTRING (1522632.495288 1002764.818451 ,1522644.163288 1002989.457451 )"
3073296,,187,100289,,1,1,1.00000,1,60.0,2000.0,"","LINESTRING (1522629.092591 1002761.501225 ,1522865.150591 1002767.748225 )"
3073296,,187,100290,,1,1,1.00000,1,60.0,2000.0,"","LINESTRING (1522629.281884 1002768.488630 ,1522431.226884 1002784.491630 )"
3073296,,100000,100283,,1,1,1.00000,1,60.0,2000.0,"","LINESTRING (1522861.921543 1002984.250177 ,1522640.808543 1002993.136177 )"
3073296,,100000,100289,,1,1,1.00000,2,60.0,2000.0,"","LINESTRING (1522856.531642 1002980.670892 ,1522859.808642 1002771.164892 )"
3073296,,100010,100011,,1,1,1.00000,2,60.0,2000.0,"","LINESTRING (1522429.122456 1002517.418697 ,1522640.582456 1002513.972697 )"
3073296,,100010,100025,,1,1,1.00000,1,60.0,2000.0,"","LINESTRING (1522425.708258 1002522.710492 ,1522422.567258 1002264.010492 )"
3073296,,100010,100290,,1,1,1.00000,1,60.0,2000.0,"","LINESTRING (1522432.707921 1002522.644467 ,1522434.444921 1002780.979467 )"
3073296,,100011,135,,1,1,1.00000,1,60.0,2000.0,"","LINESTRING (1522637.186952 1002519.585733 ,1522610.518952 1002264.363733 )"
3073296,,100011,187,,1,1,1.00000,1,60.0,2000.0,"","LINESTRING (1522644.164063 1002519.387971 ,1522632.496063 1002765.165971 )"
3073296,,100011,100012,,1,1,1.00000,2,60.0,2000.0,"","LINESTRING (1522640.462547 1002513.976022 ,1522860.409547 1002505.362022 )"
3073296,,100012,100024,,1,1,1.00000,2,60.0,2000.0,"","LINESTRING (1522855.365495 1002510.535944 ,1522858.750495 1002263.927944 )"
3073296,,100024,135,,1,1,1.00000,1,60.0,2000.0,"","LINESTRING (1522864.000000 1002267.500000 ,1522614.000000 1002267.500000 )"
3073296,,100024,100028,,1,1,1.00000,2,60.0,2000.0,"","LINESTRING (1522858.750938 1002264.099232 ,1522853.725938 1001998.291232 )"
3073296,,100025,135,,1,1,1.00000,1,60.0,2000.0,"","LINESTRING (1522426.067596 1002260.468000 ,1522614.000596 1002260.500000 )"
3073296,,100025,100010,,1,1,1.00000,1,60.0,2000.0,"","LINESTRING (1522429.566742 1002263.925508 ,1522432.707742 1002522.625508 )"
3073296,,100025,100026,,1,1,1.00000,1,60.0,2000.0,"","LINESTRING (1522422.567646 1002264.035227 ,1522417.555646 1002003.146227 )"
3073296,,100026,100025,,1,1,1.00000,1,60.0,2000.0,"","LINESTRING (1522424.554354 1002003.011773 ,1522429.566354 1002263.900773 )"
3073296,,100026,100027,,1,1,1.00000,2,60.0,2000.0,"","LINESTRING (1522421.024224 1001997.829090 ,1522645.342224 1001996.514090 )"
3073296,,100026,100039,,1,1,1.00000,1,60.0,2000.0,"","LINESTRING (1522417.557889 1002003.221184 ,1522407.936889 1001766.586184 )"
3073296,,100026,100249,,1,1,1.00000,2,60.0,2000.0,"","LINESTRING (1522421.210460 1002008.326698 ,1522143.028460 1002016.567698 )"
3073296,,100027,109,,1,1,1.00000,1,60.0,2000.0,"","LINESTRING (1522641.888309 1002002.090998 ,1522620.515309 1001774.326998 )"
3073296,,100027,135,,1,1,1.00000,1,60.0,2000.0,"","LINESTRING (1522648.848218 1002002.179763 ,1522617.475218 1002264.415763 )"
3073296,,100027,100026,,1,1,1.00000,2,60.0,2000.0,"","LINESTRING (1522645.403776 1002007.013910 ,1522421.085776 1002008.328910 )"
3073296,,100027,100028,,1,1,1.00000,2,60.0,2000.0,"","LINESTRING (1522645.285218 1001996.514734 ,1522858.887218 1001992.942734 )"
3073296,,100028,100027,,1,1,1.00000,2,60.0,2000.0,"","LINESTRING (1522859.062782 1002003.441266 ,1522645.460782 1002007.013266 )"
3073296,,100028,100038,,1,1,1.00000,2,60.0,2000.0,"","LINESTRING (1522853.726089 1001998.298938 ,1522848.751089 1001754.106938 )"
3073296,,100038,109,,1,1,1.00000,1,60.0,2000.0,"","LINESTRING (1522854.303204 1001757.486842 ,1522624.303204 1001777.486842 )"
3073296,,100038,100042,,1,1,1.00000,2,60.0,2000.0,"","LINESTRING (1522848.752017 1001754.145508 ,1522841.977017 1001509.793508 )"
3073296,,100039,109,,1,1,1.00000,1,60.0,2000.0,"","LINESTRING (1522411.558335 1001762.946209 ,1522624.124335 1001770.502209 )"
3073296,,100039,100026,,1,1,1.00000,1,60.0,2000.0,"","LINESTRING (1522414.931111 1001766.301816 ,1522424.552111 1002002.936816 )"
3073296,,100039,100040,,1,1,1.00000,1,60.0,2000.0,"","LINESTRING (1522407.934092 1001766.418655 ,1522409.735092 1001517.719655 )"
3073296,,100040,100039,,1,1,1.00000,1,60.0,2000.0,"","LINESTRING (1522416.734908 1001517.770345 ,1522414.933908 1001766.469345 )"
3073296,,100040,100248,,1,1,1.00000,2,60.0,2000.0,"","LINESTRING (1522413.315236 1001522.994387 ,1522127.019236 1001527.370387 )"
3073296,,100040,100280,,1,1,1.00000,1,60.0,2000.0,"","LINESTRING (1522409.741485 1001517.957959 ,1522396.452485 1001299.956959 )"
3073296,,100041,109,,1,1,1.00000,1,60.0,2000.0,"","LINESTRING (1522606.523391 1001516.949172 ,1522627.488391 1001773.715172 )"
3073296,,100041,180,,1,1,1.00000,1,60.0,2000.0,"","LINESTRING (1522599.536042 1001517.319410 ,1522593.501042 1001270.085410 )"
3073296,,100041,100040,,1,1,1.00000,2,60.0,2000.0,"","LINESTRING (1522603.049135 1001522.483981 ,1522413.249135 1001522.994981 )"
3073296,,100042,100041,,1,1,1.00000,2,60.0,2000.0,"","LINESTRING (1522847.388018 1001514.895468 ,1522603.198018 1001522.481468 )"
3073296,,100042,100281,,1,1,1.00000,2,60.0,2000.0,"","LINESTRING (1522841.976152 1001509.757991 ,1522837.699152 1001305.656991 )"
3073296,,100052,100064,,1,1,1.00000,1,60.0,2000.0,"","LINESTRING (1522399.720506 1001002.623506 ,1522393.301506 1000625.125506 )"
3073296,,100052,100276,,1,1,1.00000,2,60.0,2000.0,"","LINESTRING (1522403.148439 1000997.314488 ,1522607.667439 1000994.526488 )"
3073296,,100052,100280,,1,1,1.00000,1,60.0,2000.0,"","LINESTRING (1522406.719788 1001002.602557 ,1522403.445788 1001299.782557 )"
3073296,,100053,100251,,1,1,1.00000,2,60.0,2000.0,"","LINESTRING (1522831.467014 1000997.379735 ,1522832.528014 1000543.232735 )"
3073296,,100064,110,,1,1,1.00000,1,60.0,2000.0,"","LINESTRING (1522396.854211 1000628.565595 ,1521875.053211 1000636.499595 )"
3073296,,100064,100052,,1,1,1.00000,1,60.0,2000.0,"","LINESTRING (1522400.300494 1000625.006494 ,1522406.719494 1001002.504494 )"
3073296,,100064,100250,,1,1,1.00000,1,60.0,2000.0,"","LINESTRING (1522393.301793 1000625.140501 ,1522387.988793 1000375.596501 )"
3073296,,100065,100066,,1,1,1.00000,1,60.0,2000.0,"","LINESTRING (1522384.229315 999908.247044 ,1522608.567782 1000020.870772 ,1522648.357467 1000040.765615 ,1522712.058326 1000062.662785 ,1522766.751712 1000078.573588 ,1522849.156005 1000090.929695 )"
3073296,,100065,100250,,1,1,1.00000,1,60.0,2000.0,"","LINESTRING (1522386.158367 999911.308435 ,1522394.987367 1000375.455435 )"
3073296,,100066,100065,,1,1,1.00000,1,60.0,2000.0,"","LINESTRING (1522848.117995 1000097.852305 ,1522765.248288 1000085.426412 ,1522709.941674 1000069.337215 ,1522645.642533 1000047.234385 ,1522605.432218 1000027.129228 ,1522381.088685 999914.502956 )"
3073296,,100163,181,,1,1,1.00000,1,60.0,2000.0,"","LINESTRING (1521448.493839 1003809.536793 ,1521838.493839 1003752.536793 )"
3073296,,100163,101881,,1,1,1.00000,1,60.0,2000.0,"","LINESTRING (1521451.074456 1003815.818977 ,1521347.674456 1003891.909977 )"
3073296,,100165,184,,1,1,1.00000,1,60.0,2000.0,"","LINESTRING (1521207.826867 1002552.163027 ,1520840.151867 1002680.305027 )"
3073296,,100165,101870,,1,1,1.00000,1,60.0,2000.0,"","LINESTRING (1521206.568265 1002545.359628 ,1521321.481265 1002541.853628 )"
3073296,,100178,111,,1,1,1.00000,1,60.0,2000.0,"","LINESTRING (1521279.398626 1000584.642622 ,1520443.587626 1000485.475622 )"
3073296,,100178,101841,,1,1,1.00000,1,60.0,2000.0,"","LINESTRING (1521276.311003 1000581.171429 ,1521275.295003 999778.316429 )"
3073296,,100178,101842,,1,1,1.00000,1,60.0,2000.0,"","LINESTRING (1521283.311000 1000581.167000 ,1521283.311000 1000644.577000 )"
3073296,,100179,111,,1,1,1.00000,1,60.0,2000.0,"","LINESTRING (1520434.850527 999712.880442 ,1520447.499527 1000481.942442 )"
3073296,,100179,101834,,1,1,1.00000,1,60.0,2000.0,"","LINESTRING (1520431.222637 999718.186431 ,1519682.450637 999699.873431 )"
3073296,,100179,101841,,1,1,1.00000,1,60.0,2000.0,"","LINESTRING (1520431.620199 999709.448368 ,1521279.064199 999774.822368 )"
3073296,,100192,110,,1,1,1.00000,1,60.0,2000.0,"","LINESTRING (1522113.417518 1000137.476382 ,1521878.163518 1000634.497382 )"
3073296,,100192,100250,,1,1,1.00000,1,60.0,2000.0,"","LINESTRING (1522112.523486 1000133.314524 ,1522393.757486 1000372.857524 )"
3073296,,100192,101841,,1,1,1.00000,1,60.0,2000.0,"","LINESTRING (1522107.945838 1000138.610043 ,1521886.025810 999943.924030 ,1521684.662156 999842.245353 ,1521562.352187 999802.469754 ,1521416.744179 999794.491233 ,1521278.475026 999781.797343 )"
3073296,,100248,100273,,1,1,1.00000,2,60.0,2000.0,"","LINESTRING (1522127.187589 1001527.365111 ,1521707.134589 1001547.277111 )"
3073296,,100248,100277,,1,1,1.00000,1,60.0,2000.0,"","LINESTRING (1522130.438214 1001522.046838 ,1522136.117214 1001790.001838 )"
3073296,,100248,100279,,1,1,1.00000,1,60.0,2000.0,"","LINESTRING (1522123.445710 1001522.337618 ,1522110.307710 1001310.467618 )"
3073296,,100249,100026,,1,1,1.00000,2,60.0,2000.0,"","LINESTRING (1522142.717540 1002006.072302 ,1522420.899540 1001997.831302 )"
3073296,,100249,100275,,1,1,1.00000,2,60.0,2000.0,"","LINESTRING (1522143.059422 1002016.566689 ,1521712.706422 1002031.857689 )"
3073296,,100249,100277,,1,1,1.00000,1,60.0,2000.0,"","LINESTRING (1522139.376754 1002011.482056 ,1522129.121754 1001790.238056 )"
3073296,,100249,100291,,1,1,1.00000,1,60.0,2000.0,"","LINESTRING (1522146.372983 1002011.331062 ,1522145.525983 1002279.321062 )"
3073296,,100250,100064,,1,1,1.00000,1,60.0,2000.0,"","LINESTRING (1522394.987207 1000375.447499 ,1522400.300207 1000624.991499 )"
3073296,,100250,100065,,1,1,1.00000,1,60.0,2000.0,"","LINESTRING (1522387.988633 1000375.588565 ,1522379.159633 999911.441565 )"
3073296,,100250,100192,,1,1,1.00000,1,60.0,2000.0,"","LINESTRING (1522389.218514 1000378.186476 ,1522107.984514 1000138.643476 )"
3073296,,100250,100251,,1,1,1.00000,1,60.0,2000.0,"","LINESTRING (1522393.634394 1000372.757404 ,1522415.700214 1000389.888995 ,1522658.169867 1000475.701301 ,1522838.950022 1000539.947067 )"
3073296,,100251,100066,,1,1,1.00000,2,60.0,2000.0,"","LINESTRING (1522832.529536 1000543.118025 ,1522843.388536 1000094.264025 )"
3073296,,100251,100250,,1,1,1.00000,1,60.0,2000.0,"","LINESTRING (1522836.605978 1000546.542933 ,1522655.830133 1000482.298699 ,1522412.299786 1000396.111005 ,1522389.341606 1000378.286596 )"
3073296,,100252,100010,,1,1,1.00000,2,60.0,2000.0,"","LINESTRING (1522143.397395 1002522.513835 ,1522429.114395 1002517.418835 )"
3073296,,100252,100291,,1,1,1.00000,1,60.0,2000.0,"","LINESTRING (1522139.991061 1002527.783637 ,1522138.526061 1002279.330637 )"
3073296,,100252,100293,,1,1,1.00000,1,60.0,2000.0,"","LINESTRING (1522146.990796 1002527.800756 ,1522144.251796 1002781.689756 )"
3073296,,100253,100254,,1,1,1.00000,1,60.0,2000.0,"","LINESTRING (1522163.049995 1002992.899101 ,1522163.550995 1003290.145101 )"
3073296,,100253,100293,,1,1,1.00000,1,60.0,2000.0,"","LINESTRING (1522156.063775 1002993.215216 ,1522137.265775 1002781.962216 )"
3073296,,100253,100296,,1,1,1.00000,1,60.0,2000.0,"","LINESTRING (1522159.663456 1002996.403161 ,1521723.903456 1003010.536161 )"
3073296,,100253,101999,,1,1,1.00000,1,60.0,2000.0,"","LINESTRING (1522159.456389 1002987.655835 ,1522436.854389 1002982.708835 )"
3073296,,100254,132,,1,1,1.00000,1,60.0,2000.0,"","LINESTRING (1522159.876202 1003286.655368 ,1522266.186202 1003281.339368 )"
3073296,,100254,100253,,1,1,1.00000,1,60.0,2000.0,"","LINESTRING (1522156.551005 1003290.156899 ,1522156.050005 1002992.910899 )"
3073296,,100254,100282,,1,1,1.00000,1,60.0,2000.0,"","LINESTRING (1522163.549723 1003290.056449 ,1522168.864723 1003486.730449 )"
3073296,,100255,110,,1,1,1.00000,1,60.0,2000.0,"","LINESTRING (1522097.151933 1000950.034334 ,1521872.151933 1000635.034334 )"
3073296,,100255,101844,,1,1,1.00000,1,60.0,2000.0,"","LINESTRING (1522103.293489 1000946.815546 ,1522124.072489 1001004.593546 )"
3073296,,100271,176,,1,1,1.00000,1,60.0,2000.0,"","LINESTRING (1519002.155274 1001586.115814 ,1518999.500274 1001374.043814 )"
3073296,,100271,177,,1,1,1.00000,1,60.0,2000.0,"","LINESTRING (1519009.153435 1001585.967333 ,1519017.498435 1001864.895333 )"
3073296,,100272,176,,1,1,1.00000,1,60.0,2000.0,"","LINESTRING (1518958.351368 1001068.064386 ,1519006.457368 1001373.455386 )"
3073296,,100272,101847,,1,1,1.00000,1,60.0,2000.0,"","LINESTRING (1518954.909623 1001063.359023 ,1519705.611623 1001065.593023 )"
3073296,,100273,178,,1,1,1.00000,1,60.0,2000.0,"","LINESTRING (1521710.370197 1001542.365224 ,1521683.484197 1001824.332224 )"
3073296,,100273,179,,1,1,1.00000,1,60.0,2000.0,"","LINESTRING (1521703.390518 1001542.210785 ,1521692.504518 1001328.177785 )"
3073296,,100273,101855,,1,1,1.00000,2,60.0,2000.0,"","LINESTRING (1521706.851002 1001547.282883 ,1521304.684002 1001544.601883 )"
3073296,,100274,179,,1,1,1.00000,1,60.0,2000.0,"","LINESTRING (1521710.383170 1001057.594716 ,1521699.497170 1001328.140716 )"
3073296,,100274,101844,,1,1,1.00000,1,60.0,2000.0,"","LINESTRING (1521706.907870 1001052.204046 ,1522075.492590 1001053.739509 ,1522116.687003 1001002.488918 )"
3073296,,100274,101845,,1,1,1.00000,1,60.0,2000.0,"","LINESTRING (1521706.954108 1001062.703558 ,1521295.439108 1001068.042558 )"
3073296,,100275,178,,1,1,1.00000,1,60.0,2000.0,"","LINESTRING (1521709.064230 1002027.165667 ,1521676.544230 1001824.554667 )"
3073296,,100275,185,,1,1,1.00000,1,60.0,2000.0,"","LINESTRING (1521716.003311 1002026.269612 ,1521743.483311 1002306.658612 )"
3073296,,100275,100249,,1,1,1.00000,2,60.0,2000.0,"","LINESTRING (1521712.333578 1002021.364311 ,1522142.686578 1002006.073311 )"
3073296,,100275,101857,,1,1,1.00000,2,60.0,2000.0,"","LINESTRING (1521712.652148 1002033.609753 ,1521313.693148 1002041.142753 )"
3073296,,100276,180,,1,1,1.00000,1,60.0,2000.0,"","LINESTRING (1522611.236239 1000999.914984 ,1522600.497239 1001270.138984 )"
3073296,,100276,100053,,1,1,1.00000,2,60.0,2000.0,"","LINESTRING (1522607.684343 1000994.526285 ,1522836.662343 1000992.142285 )"
3073296,,100277,178,,1,1,1.00000,1,60.0,2000.0,"","LINESTRING (1522132.879593 1001793.566210 ,1521680.261593 1001827.490210 )"
3073296,,100277,100248,,1,1,1.00000,1,60.0,2000.0,"","LINESTRING (1522129.118786 1001790.150162 ,1522123.439786 1001522.195162 )"
3073296,,100277,100249,,1,1,1.00000,1,60.0,2000.0,"","LINESTRING (1522136.114246 1001789.913944 ,1522146.369246 1002011.157944 )"
3073296,,100278,179,,1,1,1.00000,1,60.0,2000.0,"","LINESTRING (1521294.406253 1001328.831204 ,1521695.962253 1001324.500204 )"
3073296,,100278,101845,,1,1,1.00000,1,60.0,2000.0,"","LINESTRING (1521289.194031 1001332.312944 ,1521290.121031 1001062.774944 )"
3073296,,100278,101855,,1,1,1.00000,1,60.0,2000.0,"","LINESTRING (1521299.687545 1001332.070749 ,1521309.962545 1001539.091749 )"
3073296,,100279,179,,1,1,1.00000,1,60.0,2000.0,"","LINESTRING (1522113.949553 1001313.747846 ,1521696.148553 1001331.496846 )"
3073296,,100279,100248,,1,1,1.00000,1,60.0,2000.0,"","LINESTRING (1522117.294290 1001310.034382 ,1522130.432290 1001521.904382 )"
3073296,,100279,101844,,1,1,1.00000,1,60.0,2000.0,"","LINESTRING (1522110.301919 1001310.170807 ,1522117.279919 1001005.697807 )"
3073296,,100280,180,,1,1,1.00000,1,60.0,2000.0,"","LINESTRING (1522399.423616 1001296.283203 ,1522596.477616 1001266.539203 )"
3073296,,100280,100040,,1,1,1.00000,1,60.0,2000.0,"","LINESTRING (1522403.439515 1001299.531041 ,1522416.728515 1001517.532041 )"
3073296,,100280,100052,,1,1,1.00000,1,60.0,2000.0,"","LINESTRING (1522396.446212 1001299.705443 ,1522399.720212 1001002.525443 )"
3073296,,100281,180,,1,1,1.00000,1,60.0,2000.0,"","LINESTRING (1522842.447345 1001309.011007 ,1522596.499345 1001273.464007 )"
3073296,,100281,100053,,1,1,1.00000,2,60.0,2000.0,"","LINESTRING (1522837.699073 1001305.653135 ,1522831.468073 1000997.498135 )"
3073296,,100282,100254,,1,1,1.00000,1,60.0,2000.0,"","LINESTRING (1522161.867277 1003486.919551 ,1522156.552277 1003290.245551 )"
3073296,,100282,101880,,1,1,1.00000,2,60.0,2000.0,"","LINESTRING (1522165.487952 1003492.073583 ,1521344.536952 1003511.148583 )"
3073296,,100282,102013,,1,1,1.00000,1,60.0,2000.0,"","LINESTRING (1522168.866000 1003486.825000 ,1522168.866000 1003630.344000 )"
3073296,,100283,182,,1,1,1.00000,1,60.0,2000.0,"","LINESTRING (1522644.144956 1002989.238028 ,1522676.476956 1003269.599028 )"
3073296,,100283,187,,1,1,1.00000,1,60.0,2000.0,"","LINESTRING (1522637.172712 1002989.820549 ,1522625.504712 1002765.181549 )"
3073296,,100283,100000,,1,1,1.00000,1,60.0,2000.0,"","LINESTRING (1522640.457185 1002984.393234 ,1522861.570185 1002975.507234 )"
3073296,,100283,101999,,1,1,1.00000,1,60.0,2000.0,"","LINESTRING (1522640.624681 1002994.888821 ,1522436.904681 1002993.207821 )"
3073296,,100284,182,,1,1,1.00000,1,60.0,2000.0,"","LINESTRING (1522866.414168 1003250.475409 ,1522673.414168 1003273.475409 )"
3073296,,100284,100000,,1,1,1.00000,2,60.0,2000.0,"","LINESTRING (1522860.750659 1003247.083182 ,1522856.531659 1002980.836182 )"
3073296,,100285,101764,,1,1,1.00000,1,60.0,2000.0,"","LINESTRING (1518978.239006 1003551.748510 ,1518977.158006 1002970.583510 )"
3073296,,100285,102001,,1,1,1.00000,1,60.0,2000.0,"","LINESTRING (1518985.238482 1003551.802209 ,1518982.587482 1003705.884209 )"
3073296,,100287,101871,,1,1,1.00000,1,60.0,2000.0,"","LINESTRING (1520484.838318 1003043.393230 ,1521332.636318 1003002.055230 )"
3073296,,100287,101872,,1,1,1.00000,1,60.0,2000.0,"","LINESTRING (1520485.228942 1003052.134398 ,1520060.902931 1003068.506349 ,1519736.046771 1003037.906575 )"
3073296,,100287,101879,,1,1,1.00000,1,60.0,2000.0,"","LINESTRING (1520488.593825 1003048.602006 ,1520493.304825 1003519.754006 )"
3073296,,100287,102000,,1,1,1.00000,1,60.0,2000.0,"","LINESTRING (1520481.594402 1003048.583953 ,1520482.764402 1002971.396953 )"
3073296,,100288,134,,1,1,1.00000,1,60.0,2000.0,"","LINESTRING (1520623.155534 1002564.496542 ,1519318.121534 1002622.547542 )"
3073296,,100288,184,,1,1,1.00000,1,60.0,2000.0,"","LINESTRING (1520624.655943 1002557.916519 ,1520840.655943 1002673.916519 )"
3073296,,100289,187,,1,1,1.00000,1,60.0,2000.0,"","LINESTRING (1522864.965409 1002774.745775 ,1522628.907409 1002768.498775 )"
3073296,,100289,100012,,1,1,1.00000,2,60.0,2000.0,"","LINESTRING (1522859.808763 1002771.336481 ,1522855.365763 1002510.697481 )"
3073296,,100290,187,,1,1,1.00000,1,60.0,2000.0,"","LINESTRING (1522430.663116 1002777.514370 ,1522628.718116 1002761.511370 )"
3073296,,100290,100010,,1,1,1.00000,1,60.0,2000.0,"","LINESTRING (1522427.445079 1002781.026533 ,1522425.708079 1002522.691533 )"
3073296,,100290,101999,,1,1,1.00000,1,60.0,2000.0,"","LINESTRING (1522434.443529 1002780.901521 ,1522440.446529 1002987.856521 )"
3073296,,100291,185,,1,1,1.00000,1,60.0,2000.0,"","LINESTRING (1522142.266497 1002282.801728 ,1521740.240497 1002310.491728 )"
3073296,,100291,100249,,1,1,1.00000,1,60.0,2000.0,"","LINESTRING (1522138.526017 1002279.298938 ,1522139.373017 1002011.308938 )"
3073296,,100291,100252,,1,1,1.00000,1,60.0,2000.0,"","LINESTRING (1522145.525939 1002279.289363 ,1522146.990939 1002527.742363 )"
3073296,,100292,185,,1,1,1.00000,1,60.0,2000.0,"","LINESTRING (1521311.893741 1002316.501613 ,1521739.893741 1002303.501613 )"
3073296,,100292,101857,,1,1,1.00000,1,60.0,2000.0,"","LINESTRING (1521306.750078 1002319.971331 ,1521308.311078 1002034.115331 )"
3073296,,100292,101870,,1,1,1.00000,1,60.0,2000.0,"","LINESTRING (1521317.245255 1002319.776831 ,1521326.833255 1002545.128831 )"
3073296,,100293,186,,1,1,1.00000,1,60.0,2000.0,"","LINESTRING (1522140.699421 1002785.151605 ,1521697.947421 1002778.499605 )"
3073296,,100293,100252,,1,1,1.00000,1,60.0,2000.0,"","LINESTRING (1522137.252204 1002781.614244 ,1522139.991204 1002527.725244 )"
3073296,,100293,100253,,1,1,1.00000,1,60.0,2000.0,"","LINESTRING (1522144.238225 1002781.341784 ,1522163.036225 1002992.594784 )"
3073296,,100294,186,,1,1,1.00000,1,60.0,2000.0,"","LINESTRING (1521329.141803 1002795.063124 ,1521697.776803 1002771.507124 )"
3073296,,100294,101870,,1,1,1.00000,1,60.0,2000.0,"","LINESTRING (1521322.368299 1002798.770899 ,1521314.591299 1002545.566899 )"
3073296,,100294,101871,,1,1,1.00000,1,60.0,2000.0,"","LINESTRING (1521334.614251 1002798.467307 ,1521338.141251 1003007.210307 )"
3073296,,100295,185,,1,1,1.00000,1,60.0,2000.0,"","LINESTRING (1521715.166467 1002533.006322 ,1521736.515467 1002306.671322 )"
3073296,,100295,186,,1,1,1.00000,1,60.0,2000.0,"","LINESTRING (1521722.138291 1002533.632999 ,1521701.487291 1002775.297999 )"
3073296,,100295,100252,,1,1,1.00000,2,60.0,2000.0,"","LINESTRING (1521718.582149 1002528.085451 ,1522143.422149 1002522.513451 )"
3073296,,100296,186,,1,1,1.00000,1,60.0,2000.0,"","LINESTRING (1521720.311420 1003007.424629 ,1521694.521420 1002775.386629 )"
3073296,,100296,100253,,1,1,1.00000,1,60.0,2000.0,"","LINESTRING (1521723.619816 1003001.790759 ,1522159.379816 1002987.657759 )"
3073296,,100296,101871,,1,1,1.00000,1,60.0,2000.0,"","LINESTRING (1521723.793505 1003012.287999 ,1521332.895505 1003012.548999 )"
3073296,,101764,100285,,1,1,1.00000,1,60.0,2000.0,"","LINESTRING (1518984.157994 1002970.570490 ,1518985.238994 1003551.735490 )"
3073296,,101764,101868,,1,1,1.00000,1,60.0,2000.0,"","LINESTRING (1518975.408400 1002970.512189 ,1518980.139400 1002587.306189 )"
3073296,,101764,101872,,1,1,1.00000,1,60.0,2000.0,"","LINESTRING (1518981.099960 1002965.345636 ,1519736.816960 1003029.190636 )"
3073296,,101778,177,,1,1,1.00000,1,60.0,2000.0,"","LINESTRING (1518724.486000 1002099.429738 ,1519011.772000 1001862.300738 )"
3073296,,101778,101861,,1,1,1.00000,2,60.0,2000.0,"","LINESTRING (1518726.766627 1002096.879264 ,1518994.903627 1002099.567264 )"
3073296,,101834,100179,,1,1,1.00000,1,60.0,2000.0,"","LINESTRING (1519682.664575 999691.126046 ,1520431.436575 999709.439046 )"
3073296,,101834,101843,,1,1,1.00000,1,60.0,2000.0,"","LINESTRING (1519686.078641 999694.574874 ,1519697.499641 1000491.949874 )"
3073296,,101841,100178,,1,1,1.00000,1,60.0,2000.0,"","LINESTRING (1521282.294997 999778.307571 ,1521283.310997 1000581.162571 )"
3073296,,101841,100179,,1,1,1.00000,1,60.0,2000.0,"","LINESTRING (1521278.525801 999781.801632 ,1520431.081801 999716.427632 )"
3073296,,101841,100192,,1,1,1.00000,1,60.0,2000.0,"","LINESTRING (1521279.114974 999774.826657 ,1521417.255821 999787.508767 ,1521563.647813 999795.530246 ,1521687.337844 999835.754647 ,1521889.974190 999938.075970 ,1522112.562162 1000133.347957 )"
3073296,,101842,110,,1,1,1.00000,1,60.0,2000.0,"","LINESTRING (1521279.742934 1000641.077662 ,1521874.931934 1000629.500662 )"
3073296,,101842,100178,,1,1,1.00000,1,60.0,2000.0,"","LINESTRING (1521276.311000 1000644.577000 ,1521276.311000 1000581.167000 )"
3073296,,101842,101845,,1,1,1.00000,1,60.0,2000.0,"","LINESTRING (1521285.057370 1000644.381805 ,1521300.617370 1001062.597805 )"
3073296,,101843,111,,1,1,1.00000,1,60.0,2000.0,"","LINESTRING (1519693.953337 1000488.500311 ,1520443.953337 1000478.500311 )"
3073296,,101843,101834,,1,1,1.00000,1,60.0,2000.0,"","LINESTRING (1519688.750538 1000492.075189 ,1519677.329538 999694.700189 )"
3073296,,101843,101847,,1,1,1.00000,1,60.0,2000.0,"","LINESTRING (1519699.248947 1000491.894848 ,1519710.844947 1001070.737848 )"
3073296,,101844,100052,,1,1,1.00000,2,60.0,2000.0,"","LINESTRING (1522120.719262 1001000.528340 ,1522403.160262 1000997.314340 )"
3073296,,101844,100255,,1,1,1.00000,1,60.0,2000.0,"","LINESTRING (1522117.485511 1001006.962454 ,1522096.706511 1000949.184454 )"
3073296,,101844,100274,,1,1,1.00000,1,60.0,2000.0,"","LINESTRING (1522123.506998 1001007.970721 ,1522079.671606 1001062.506994 ,1521706.871420 1001060.953970 )"
3073296,,101844,100279,,1,1,1.00000,1,60.0,2000.0,"","LINESTRING (1522124.278081 1001005.858193 ,1522117.300081 1001310.331193 )"
3073296,,101845,100274,,1,1,1.00000,1,60.0,2000.0,"","LINESTRING (1521295.325595 1001059.293295 ,1521706.840595 1001053.954295 )"
3073296,,101845,100278,,1,1,1.00000,1,60.0,2000.0,"","LINESTRING (1521298.870979 1001062.805037 ,1521297.943979 1001332.343037 )"
3073296,,101845,101842,,1,1,1.00000,1,60.0,2000.0,"","LINESTRING (1521291.873420 1001062.923130 ,1521276.313420 1000644.707130 )"
3073296,,101845,101846,,1,1,1.00000,1,60.0,2000.0,"","LINESTRING (1521295.396748 1001066.292905 ,1520460.385748 1001072.435905 )"
3073296,,101846,111,,1,1,1.00000,1,60.0,2000.0,"","LINESTRING (1520456.861359 1001069.033520 ,1520440.501359 1000482.097520 )"
3073296,,101846,175,,1,1,1.00000,1,60.0,2000.0,"","LINESTRING (1520463.787727 1001068.228406 ,1520522.427727 1001352.292406 )"
3073296,,101846,101845,,1,1,1.00000,1,60.0,2000.0,"","LINESTRING (1520460.321378 1001063.686142 ,1521295.332378 1001057.543142 )"
3073296,,101846,101847,,1,1,1.00000,1,60.0,2000.0,"","LINESTRING (1520460.373265 1001074.185983 ,1519705.609265 1001076.092983 )"
3073296,,101847,100272,,1,1,1.00000,1,60.0,2000.0,"","LINESTRING (1519705.585584 1001074.342985 ,1518954.883584 1001072.108985 )"
3073296,,101847,101843,,1,1,1.00000,1,60.0,2000.0,"","LINESTRING (1519702.096702 1001070.913102 ,1519690.500702 1000492.070102 )"
3073296,,101847,101846,,1,1,1.00000,1,60.0,2000.0,"","LINESTRING (1519705.587157 1001067.343011 ,1520460.351157 1001065.436011 )"
3073296,,101847,101853,,1,1,1.00000,1,60.0,2000.0,"","LINESTRING (1519710.845256 1001070.754602 ,1519719.380256 1001577.578602 )"
3073296,,101853,100271,,1,1,1.00000,2,60.0,2000.0,"","LINESTRING (1519714.193279 1001582.916631 ,1519005.717279 1001591.321631 )"
3073296,,101853,101847,,1,1,1.00000,1,60.0,2000.0,"","LINESTRING (1519708.881744 1001577.755398 ,1519700.346744 1001070.931398 )"
3073296,,101853,101859,,1,1,1.00000,1,60.0,2000.0,"","LINESTRING (1519717.630968 1001577.681975 ,1519716.499968 1001842.014975 )"
3073296,,101854,108,,1,1,1.00000,1,60.0,2000.0,"","LINESTRING (1520515.833161 1001564.833248 ,1520496.490161 1001822.262248 )"
3073296,,101854,175,,1,1,1.00000,1,60.0,2000.0,"","LINESTRING (1520508.844731 1001564.460928 ,1520515.501731 1001352.889928 )"
3073296,,101854,101853,,1,1,1.00000,2,60.0,2000.0,"","LINESTRING (1520512.429123 1001569.820294 ,1519714.217123 1001582.916294 )"
3073296,,101855,100278,,1,1,1.00000,1,60.0,2000.0,"","LINESTRING (1521301.223303 1001539.525501 ,1521290.948303 1001332.504501 )"
3073296,,101855,101854,,1,1,1.00000,2,60.0,2000.0,"","LINESTRING (1521304.886008 1001544.599343 ,1520512.510008 1001569.818343 )"
3073296,,101855,101856,,1,1,1.00000,1,60.0,2000.0,"","LINESTRING (1521308.218982 1001539.363252 ,1521307.499982 1001763.011252 )"
3073296,,101856,178,,1,1,1.00000,1,60.0,2000.0,"","LINESTRING (1521304.560491 1001759.545170 ,1521680.560491 1001820.545170 )"
3073296,,101856,101855,,1,1,1.00000,1,60.0,2000.0,"","LINESTRING (1521300.500018 1001762.988748 ,1521301.219018 1001539.340748 )"
3073296,,101856,101857,,1,1,1.00000,1,60.0,2000.0,"","LINESTRING (1521309.246739 1001762.814991 ,1521318.807739 1002033.958991 )"
3073296,,101857,100275,,1,1,1.00000,2,60.0,2000.0,"","LINESTRING (1521313.461889 1002028.894936 ,1521712.420889 1002021.361936 )"
3073296,,101857,100292,,1,1,1.00000,1,60.0,2000.0,"","LINESTRING (1521317.060948 1002034.163112 ,1521315.499948 1002320.019112 )"
3073296,,101857,101856,,1,1,1.00000,1,60.0,2000.0,"","LINESTRING (1521310.063174 1002034.267339 ,1521300.502174 1001763.123339 )"
3073296,,101857,101858,,1,1,1.00000,2,60.0,2000.0,"","LINESTRING (1521313.791694 1002039.388929 ,1520513.709694 1002074.579929 )"
3073296,,101858,108,,1,1,1.00000,1,60.0,2000.0,"","LINESTRING (1520509.990936 1002069.623807 ,1520489.511936 1001822.288807 )"
3073296,,101858,184,,1,1,1.00000,1,60.0,2000.0,"","LINESTRING (1520516.564209 1002067.682280 ,1520842.085209 1002675.347280 )"
3073296,,101858,101857,,1,1,1.00000,2,60.0,2000.0,"","LINESTRING (1520513.171408 1002062.341761 ,1521313.253408 1002027.150761 )"
3073296,,101858,101860,,1,1,1.00000,2,60.0,2000.0,"","LINESTRING (1520513.738757 1002076.330179 ,1519722.625757 1002105.707179 )"
3073296,,101859,101853,,1,1,1.00000,1,60.0,2000.0,"","LINESTRING (1519709.500032 1001841.985025 ,1519710.631032 1001577.652025 )"
3073296,,101859,101860,,1,1,1.00000,1,60.0,2000.0,"","LINESTRING (1519719.995346 1001841.744779 ,1519729.361346 1002098.456779 )"
3073296,,101860,101858,,1,1,1.00000,2,60.0,2000.0,"","LINESTRING (1519722.171182 1002093.465616 ,1520513.284182 1002064.088616 )"
3073296,,101860,101859,,1,1,1.00000,1,60.0,2000.0,"","LINESTRING (1519718.868327 1002098.839611 ,1519709.502327 1001842.127611 )"
3073296,,101860,101911,,1,1,1.00000,2,60.0,2000.0,"","LINESTRING (1519722.410720 1002103.961810 ,1519283.482720 1002107.700810 )"
3073296,,101861,101778,,1,1,1.00000,2,60.0,2000.0,"","LINESTRING (1518994.798373 1002110.066736 ,1518726.661373 1002107.378736 )"
3073296,,101861,101868,,1,1,1.00000,1,60.0,2000.0,"","LINESTRING (1519000.099991 1002104.919923 ,1518990.637991 1002587.473923 )"
3073296,,101861,101911,,1,1,1.00000,2,60.0,2000.0,"","LINESTRING (1518994.807959 1002099.567176 ,1519283.394959 1002097.201176 )"
3073296,,101868,101764,,1,1,1.00000,1,60.0,2000.0,"","LINESTRING (1518990.638600 1002587.435811 ,1518985.907600 1002970.641811 )"
3073296,,101868,101861,,1,1,1.00000,1,60.0,2000.0,"","LINESTRING (1518980.140009 1002587.268077 ,1518989.602009 1002104.714077 )"
3073296,,101868,101869,,1,1,1.00000,1,60.0,2000.0,"","LINESTRING (1518985.389000 1002583.871000 ,1519158.068000 1002583.871000 )"
3073296,,101869,134,,1,1,1.00000,1,60.0,2000.0,"","LINESTRING (1519158.748220 1002583.937736 ,1519318.646220 1002615.617736 )"
3073296,,101869,101868,,1,1,1.00000,2,60.0,2000.0,"","LINESTRING (1519158.068000 1002592.621000 ,1518985.389000 1002592.621000 )"
3073296,,101870,100165,,1,1,1.00000,1,60.0,2000.0,"","LINESTRING (1521321.694735 1002548.850372 ,1521206.781735 1002552.356372 )"
3073296,,101870,100292,,1,1,1.00000,1,60.0,2000.0,"","LINESTRING (1521318.091164 1002545.500779 ,1521308.503164 1002320.148779 )"
3073296,,101870,100294,,1,1,1.00000,1,60.0,2000.0,"","LINESTRING (1521325.086350 1002545.244550 ,1521332.863350 1002798.448550 )"
3073296,,101870,100295,,1,1,1.00000,2,60.0,2000.0,"","LINESTRING (1521321.429183 1002540.104403 ,1521718.492183 1002528.087403 )"
3073296,,101871,100287,,1,1,1.00000,1,60.0,2000.0,"","LINESTRING (1521333.147682 1003012.542770 ,1520485.349682 1003053.880770 )"
3073296,,101871,100294,,1,1,1.00000,1,60.0,2000.0,"","LINESTRING (1521329.392499 1003007.358129 ,1521325.865499 1002798.615129 )"
3073296,,101871,100296,,1,1,1.00000,1,60.0,2000.0,"","LINESTRING (1521332.889663 1003003.799001 ,1521723.787663 1003003.538001 )"
3073296,,101871,101880,,1,1,1.00000,1,60.0,2000.0,"","LINESTRING (1521338.140599 1003007.177701 ,1521349.663599 1003505.778701 )"
3073296,,101872,100287,,1,1,1.00000,1,60.0,2000.0,"","LINESTRING (1519736.867344 1003029.195137 ,1520061.145604 1003059.740476 ,1520484.891588 1003043.390903 )"
3073296,,101872,101764,,1,1,1.00000,1,60.0,2000.0,"","LINESTRING (1519735.933040 1003039.653364 ,1518980.216040 1002975.808364 )"
3073296,,101872,101878,,1,1,1.00000,1,60.0,2000.0,"","LINESTRING (1519739.874779 1003034.382681 ,1519745.454779 1003531.056681 )"
3073296,,101878,100285,,1,1,1.00000,2,60.0,2000.0,"","LINESTRING (1519742.097527 1003536.344065 ,1518981.881527 1003556.990065 )"
3073296,,101878,101872,,1,1,1.00000,1,60.0,2000.0,"","LINESTRING (1519738.455221 1003531.135319 ,1519732.875221 1003034.461319 )"
3073296,,101878,101882,,1,1,1.00000,1,60.0,2000.0,"","LINESTRING (1519745.454770 1003531.055845 ,1519750.311770 1003954.371845 )"
3073296,,101879,101878,,1,1,1.00000,2,60.0,2000.0,"","LINESTRING (1520489.884367 1003525.038400 ,1519742.034367 1003536.345400 )"
3073296,,101879,101913,,1,1,1.00000,1,60.0,2000.0,"","LINESTRING (1520493.304557 1003519.733323 ,1520494.841557 1003616.341323 )"
3073296,,101880,101871,,1,1,1.00000,1,60.0,2000.0,"","LINESTRING (1521339.166401 1003506.021299 ,1521327.643401 1003007.420299 )"
3073296,,101880,101879,,1,1,1.00000,2,60.0,2000.0,"","LINESTRING (1521344.500311 1003511.149307 ,1520489.890311 1003525.038307 )"
3073296,,101880,101881,,1,1,1.00000,1,60.0,2000.0,"","LINESTRING (1521347.914983 1003505.889176 ,1521349.099983 1003889.080176 )"
3073296,,101881,100163,,1,1,1.00000,1,60.0,2000.0,"","LINESTRING (1521343.525544 1003886.272023 ,1521446.925544 1003810.181023 )"
3073296,,101881,101880,,1,1,1.00000,1,60.0,2000.0,"","LINESTRING (1521342.100017 1003889.101824 ,1521340.915017 1003505.910824 )"
3073296,,101882,133,,1,1,1.00000,1,60.0,2000.0,"","LINESTRING (1519746.804457 1003950.912008 ,1520401.992457 1003949.500008 )"
3073296,,101882,101878,,1,1,1.00000,1,60.0,2000.0,"","LINESTRING (1519743.312230 1003954.452155 ,1519738.455230 1003531.136155 )"
3073296,,101911,134,,1,1,1.00000,1,60.0,2000.0,"","LINESTRING (1519286.930209 1002102.217591 ,1519321.458209 1002618.817591 )"
3073296,,101911,177,,1,1,1.00000,1,60.0,2000.0,"","LINESTRING (1519281.123905 1002105.076826 ,1519011.685905 1001867.625826 )"
3073296,,101911,101860,,1,1,1.00000,2,60.0,2000.0,"","LINESTRING (1519283.393280 1002097.201190 ,1519722.321280 1002093.462190 )"
3073296,,101911,101861,,1,1,1.00000,2,60.0,2000.0,"","LINESTRING (1519283.481041 1002107.700824 ,1518994.894041 1002110.066824 )"
3073296,,101913,133,,1,1,1.00000,1,60.0,2000.0,"","LINESTRING (1520494.724868 1003617.294889 ,1520405.382868 1003953.897889 )"
3073296,,101960,132,,1,1,1.00000,1,60.0,2000.0,"","LINESTRING (1522441.021138 1003272.256236 ,1522266.682138 1003288.320236 )"
3073296,,101960,182,,1,1,1.00000,1,60.0,2000.0,"","LINESTRING (1522440.718517 1003265.271049 ,1522673.018517 1003266.500049 )"
3073296,,101960,101986,,1,1,1.00000,1,60.0,2000.0,"","LINESTRING (1522444.199319 1003268.701935 ,1522448.552319 1003489.255935 )"
3073296,,101960,101999,,1,1,1.00000,1,60.0,2000.0,"","LINESTRING (1522437.200312 1003268.817760 ,1522433.448312 1002988.004760 )"
3073296,,101986,100282,,1,1,1.00000,2,60.0,2000.0,"","LINESTRING (1522445.124971 1003494.574507 ,1522175.726881 1003498.267948 ,1522162.904664 1003491.462276 )"
3073296,,101986,101960,,1,1,1.00000,1,60.0,2000.0,"","LINESTRING (1522441.553681 1003489.394065 ,1522437.200681 1003268.840065 )"
3073296,,101986,102006,,1,1,1.00000,1,60.0,2000.0,"","LINESTRING (1522448.552874 1003489.295248 ,1522449.753874 1003630.573248 )"
3073296,,101987,101986,,1,1,1.00000,2,60.0,2000.0,"","LINESTRING (1522704.244248 1003492.143769 ,1522445.102248 1003494.574769 )"
3073296,,101987,102007,,1,1,1.00000,1,60.0,2000.0,"","LINESTRING (1522707.694224 1003486.820279 ,1522713.608224 1003767.531279 )"
3073296,,101988,100284,,1,1,1.00000,2,60.0,2000.0,"","LINESTRING (1522879.899228 1003483.001971 ,1522860.767228 1003247.424971 )"
3073296,,101988,101987,,1,1,1.00000,2,60.0,2000.0,"","LINESTRING (1522885.257225 1003487.825506 ,1522704.320225 1003492.142506 )"
3073296,,101988,102009,,1,1,1.00000,1,60.0,2000.0,"","LINESTRING (1522888.631865 1003482.607722 ,1522886.129865 1003767.635722 )"
3073296,,101999,100253,,1,1,1.00000,1,60.0,2000.0,"","LINESTRING (1522437.041611 1002993.207165 ,1522159.643611 1002998.154165 )"
3073296,,101999,100283,,1,1,1.00000,1,60.0,2000.0,"","LINESTRING (1522436.976879 1002984.458119 ,1522640.696879 1002986.139119 )"
3073296,,101999,100290,,1,1,1.00000,1,60.0,2000.0,"","LINESTRING (1522433.449471 1002988.059479 ,1522427.446471 1002781.104479 )"
3073296,,101999,101960,,1,1,1.00000,1,60.0,2000.0,"","LINESTRING (1522440.447688 1002987.911240 ,1522444.199688 1003268.724240 )"
3073296,,102000,134,,1,1,1.00000,1,60.0,2000.0,"","LINESTRING (1520485.253259 1002974.800881 ,1519316.955259 1002622.401881 )"
3073296,,102000,184,,1,1,1.00000,1,60.0,2000.0,"","LINESTRING (1520484.021093 1002968.763112 ,1520836.757093 1002674.313112 )"
3073296,,102000,100287,,1,1,1.00000,1,60.0,2000.0,"","LINESTRING (1520489.763598 1002971.503047 ,1520488.593598 1003048.690047 )"
3073296,,102001,100285,,1,1,1.00000,1,60.0,2000.0,"","LINESTRING (1518975.588518 1003705.763791 ,1518978.239518 1003551.681791 )"
3073296,,102006,181,,1,1,1.00000,1,60.0,2000.0,"","LINESTRING (1522446.961811 1003634.030682 ,1521839.707811 1003759.427682 )"
3073296,,102006,101986,,1,1,1.00000,1,60.0,2000.0,"","LINESTRING (1522442.754126 1003630.632752 ,1522441.553126 1003489.354752 )"
3073296,,102007,101987,,1,1,1.00000,1,60.0,2000.0,"","LINESTRING (1522706.609776 1003767.678721 ,1522700.695776 1003486.967721 )"
3073296,,102007,102009,,1,1,1.00000,1,60.0,2000.0,"","LINESTRING (1522710.109000 1003764.105000 ,1522882.630000 1003764.105000 )"
3073296,,102009,101988,,1,1,1.00000,1,60.0,2000.0,"","LINESTRING (1522879.130135 1003767.574278 ,1522881.632135 1003482.546278 )"
3073296,,102009,102007,,1,1,1.00000,1,60.0,2000.0,"","LINESTRING (1522882.630000 1003771.105000 ,1522710.109000 1003771.105000 )"
3073296,,102013,181,,1,1,1.00000,1,60.0,2000.0,"","LINESTRING (1522166.623565 1003633.610271 ,1521840.257565 1003759.266271 )"
3073296,,102013,100282,,1,1,1.00000,1,60.0,2000.0,"","LINESTRING (1522161.866000 1003630.344000 ,1522161.866000 1003486.825000 )"
