              A,B,DISTANCE,STREET,ONEWAY,TAZID,LINKID,LANES,FT,SFF,SFF_TIME,CAP1HR1LN,Length,geometry
1285,5018,0.238400,Cent,2,1285,1285_5018,7,1,21.176470,0.675470,10000.000000,0.000000,"LINESTRING (-111.943375 40.616454 ,-111.938855 40.616737)",
1286,11125,0.465960,Cent,2,1286,1286_11125,7,1,21.176470,1.320220,10000.000000,0.000000,"LINESTRING (-111.934202 40.630776 ,-111.933970 40.624024)",
1289,4952,0.242690,Cent,2,1289,1289_4952,7,1,21.176470,0.687620,10000.000000,0.000000,"LINESTRING (-111.933868 40.616707 ,-111.929251 40.616674)",
1289,5018,0.262130,Cent,2,1289,1289_5018,7,1,21.176470,0.742700,10000.000000,0.000000,"LINESTRING (-111.933868 40.616707 ,-111.938855 40.616737)",
1289,11124,0.506880,Cent,2,1289,1289_11124,7,1,21.176470,1.436160,10000.000000,0.000000,"LINESTRING (-111.933868 40.616707 ,-111.931819 40.609526)",
1289,11125,0.504720,Cent,2,1289,1289_11125,7,1,21.176470,1.430040,10000.000000,0.000000,"LINESTRING (-111.933868 40.616707 ,-111.933970 40.624024)",
1290,4952,0.251620,Cent,2,1290,1290_4952,7,1,21.176470,0.712920,10000.000000,0.000000,"LINESTRING (-111.924502 40.617134 ,-111.929251 40.616674)",
1296,5240,0.205610,Cent,2,1296,1296_5240,7,1,21.176470,0.582560,10000.000000,0.000000,"LINESTRING (-111.915638 40.613722 ,-111.911929 40.614669)",
1299,4958,0.198750,Cent,2,1299,1299_4958,7,1,21.176470,0.563130,10000.000000,0.000000,"LINESTRING (-111.908054 40.616174 ,-111.910232 40.618529)",
1299,11129,0.363670,Cent,2,1299,1299_11129,7,1,21.176470,1.030400,10000.000000,0.000000,"LINESTRING (-111.908054 40.616174 ,-111.907639 40.610911)",
1314,11146,0.275780,Cent,2,1314,1314_11146,7,1,21.176470,0.781380,10000.000000,0.000000,"LINESTRING (-111.944074 40.606326 ,-111.938858 40.605898)",
1316,11148,0.260810,Cent,2,1316,1316_11148,7,1,21.176470,0.738960,10000.000000,0.000000,"LINESTRING (-111.943565 40.598006 ,-111.938793 40.599039)",
1318,11160,0.238350,Cent,2,1318,1318_11160,7,1,21.176470,0.675330,10000.000000,0.000000,"LINESTRING (-111.943411 40.590891 ,-111.938878 40.590844)",
1319,11124,0.205360,Cent,2,1319,1319_11124,7,1,21.176470,0.581850,10000.000000,0.000000,"LINESTRING (-111.934408 40.607297 ,-111.931819 40.609526)",
1320,5820,0.344520,Cent,2,1320,1320_5820,7,1,21.176470,0.976140,10000.000000,0.000000,"LINESTRING (-111.934152 40.599993 ,-111.929267 40.603321)",
1320,11148,0.252710,Cent,2,1320,1320_11148,7,1,21.176470,0.716010,10000.000000,0.000000,"LINESTRING (-111.934152 40.599993 ,-111.938793 40.599039)",
1322,5589,0.222930,Cent,2,1322,1322_5589,7,1,21.176470,0.631640,10000.000000,0.000000,"LINESTRING (-111.934349 40.591006 ,-111.934063 40.587781)",
1322,11161,0.266980,Cent,2,1322,1322_11161,7,1,21.176470,0.756440,10000.000000,0.000000,"LINESTRING (-111.934349 40.591006 ,-111.929272 40.591047)",
1323,5592,0.269720,Cent,2,1323,1323_5592,7,1,21.176470,0.764210,10000.000000,0.000000,"LINESTRING (-111.921418 40.591609 ,-111.922175 40.587742)",
1325,10853,0.158260,Cent,2,1325,1325_10853,7,1,16.216220,0.585560,10000.000000,0.000000,"LINESTRING (-111.907451 40.592344 ,-111.904442 40.592385)",
1346,11172,0.251770,Cent,2,1346,1346_11172,7,1,21.176470,0.713350,10000.000000,0.000000,"LINESTRING (-111.943605 40.584092 ,-111.938819 40.584171)",
1348,5210,0.252530,Cent,2,1348,1348_5210,7,1,21.176470,0.715500,10000.000000,0.000000,"LINESTRING (-111.943542 40.576985 ,-111.938741 40.576961)",
1349,5210,0.230910,Cent,2,1349,1349_5210,7,1,21.176470,0.654250,10000.000000,0.000000,"LINESTRING (-111.934352 40.576870 ,-111.938741 40.576961)",
1349,5219,0.272610,Cent,2,1349,1349_5219,7,1,21.176470,0.772400,10000.000000,0.000000,"LINESTRING (-111.934352 40.576870 ,-111.929172 40.576740)",
1349,11181,0.309110,Cent,2,1349,1349_11181,7,1,21.176470,0.875810,10000.000000,0.000000,"LINESTRING (-111.934352 40.576870 ,-111.931031 40.573173)",
1351,5209,0.252410,Cent,2,1351,1351_5209,7,1,21.176470,0.715160,10000.000000,0.000000,"LINESTRING (-111.943535 40.568001 ,-111.938738 40.568083)",
1352,5209,0.251590,Cent,2,1352,1352_5209,7,1,21.176470,0.712840,10000.000000,0.000000,"LINESTRING (-111.933963 40.567876 ,-111.938738 40.568083)",
1352,6256,0.254010,Cent,2,1352,1352_6256,7,1,21.176470,0.719690,10000.000000,0.000000,"LINESTRING (-111.933963 40.567876 ,-111.929139 40.568044)",
1352,11181,0.396600,Cent,2,1352,1352_11181,7,1,21.176470,1.123700,10000.000000,0.000000,"LINESTRING (-111.933963 40.567876 ,-111.931031 40.573173)",
1352,11261,0.386260,Cent,2,1352,1352_11261,7,1,21.176470,1.094400,10000.000000,0.000000,"LINESTRING (-111.933963 40.567876 ,-111.934612 40.562298)",
1353,5589,0.256390,Cent,2,1353,1353_5589,7,1,21.176470,0.726440,10000.000000,0.000000,"LINESTRING (-111.934266 40.584068 ,-111.934063 40.587781)",
1353,11172,0.239520,Cent,2,1353,1353_11172,7,1,21.176470,0.678640,10000.000000,0.000000,"LINESTRING (-111.934266 40.584068 ,-111.938819 40.584171)",
1353,11173,0.264830,Cent,2,1353,1353_11173,7,1,21.176470,0.750350,10000.000000,0.000000,"LINESTRING (-111.934266 40.584068 ,-111.929246 40.584369)",
1354,5592,0.262740,Cent,2,1354,1354_5592,7,1,16.216220,0.972140,10000.000000,0.000000,"LINESTRING (-111.923428 40.584054 ,-111.922175 40.587742)",
1354,11173,0.306730,Cent,2,1354,1354_11173,7,1,16.216220,1.134900,10000.000000,0.000000,"LINESTRING (-111.923428 40.584054 ,-111.929246 40.584369)",
1355,5219,0.232860,Cent,2,1355,1355_5219,7,1,21.176470,0.659770,10000.000000,0.000000,"LINESTRING (-111.924746 40.576632 ,-111.929172 40.576740)",
1355,11183,0.295150,Cent,2,1355,1355_11183,7,1,21.176470,0.836260,10000.000000,0.000000,"LINESTRING (-111.924746 40.576632 ,-111.923406 40.572477)",
1356,6255,0.252690,Cent,2,1356,1356_6255,7,1,21.176470,0.715950,10000.000000,0.000000,"LINESTRING (-111.924114 40.567177 ,-111.919626 40.565871)",
1356,6256,0.271010,Cent,2,1356,1356_6256,7,1,21.176470,0.767860,10000.000000,0.000000,"LINESTRING (-111.924114 40.567177 ,-111.929139 40.568044)",
1356,11183,0.367410,Cent,2,1356,1356_11183,7,1,21.176470,1.041000,10000.000000,0.000000,"LINESTRING (-111.924114 40.567177 ,-111.923406 40.572477)",
1356,11259,0.382270,Cent,2,1356,1356_11259,7,1,21.176470,1.083100,10000.000000,0.000000,"LINESTRING (-111.924114 40.567177 ,-111.926737 40.562009)",
1357,5174,0.417090,Cent,2,1357,1357_5174,7,1,21.176470,1.181750,10000.000000,0.000000,"LINESTRING (-111.914302 40.565109 ,-111.913869 40.559071)",
1357,5588,0.495490,Cent,2,1357,1357_5588,7,1,21.176470,1.403890,10000.000000,0.000000,"LINESTRING (-111.914302 40.565109 ,-111.917018 40.571988)",
1357,6255,0.284940,Cent,2,1357,1357_6255,7,1,21.176470,0.807330,10000.000000,0.000000,"LINESTRING (-111.914302 40.565109 ,-111.919626 40.565871)",
1359,6185,0.358560,Cent,2,1359,1359_6185,7,1,21.176470,1.015920,10000.000000,0.000000,"LINESTRING (-111.911824 40.577722 ,-111.905514 40.575754)",
1360,10850,0.165140,Cent,2,1360,1360_10850,7,1,16.216220,0.611020,10000.000000,0.000000,"LINESTRING (-111.901834 40.584029 ,-111.904175 40.585624)",
1360,11489,0.237260,Cent,2,1360,1360_11489,7,1,16.216220,0.877860,10000.000000,0.000000,"LINESTRING (-111.901834 40.584029 ,-111.902652 40.580647)",
1361,5728,0.170510,Cent,2,1361,1361_5728,7,1,16.216220,0.630890,10000.000000,0.000000,"LINESTRING (-111.902492 40.575680 ,-111.900794 40.573575)",
1397,11261,0.611250,Cent,2,1397,1397_11261,7,1,21.176470,1.731870,10000.000000,0.000000,"LINESTRING (-111.936589 40.553565 ,-111.934612 40.562298)",
1404,11257,0.138880,Cent,2,1404,1404_11257,7,1,16.216220,0.513860,10000.000000,0.000000,"LINESTRING (-111.908153 40.571760 ,-111.908371 40.569754)",
3689,11507,0.093980,300 West,2,1406,3689_11507,2,4,25.678100,0.219600,601.426000,0.000000,"LINESTRING (-111.900748 40.562521 ,-111.902527 40.562393)",
4156,10849,0.094600,500 West,2,1360,4156_10849,1,4,24.678100,0.230000,633.080000,0.000000,"LINESTRING (-111.900942 40.585620 ,-111.900672 40.584264)",
4156,10850,0.170030,500 West,2,1360,4156_10850,1,4,24.678100,0.413390,633.080000,0.000000,"LINESTRING (-111.900942 40.585620 ,-111.904175 40.585624)",
4804,5106,0.260360,700 West,2,1297,4804_5106,1,4,29.323210,0.532740,666.400000,0.000000,"LINESTRING (-111.910307 40.602331 ,-111.910268 40.598557)",
4804,5109,0.248860,700 West,2,1297,4804_5109,1,4,29.323210,0.509210,666.400000,0.000000,"LINESTRING (-111.910307 40.602331 ,-111.910315 40.605939)",
4899,5030,0.282620,700 West,2,1294,4899_5030,2,4,30.323210,0.559220,633.080000,0.000000,"LINESTRING (-111.910202 40.625016 ,-111.910235 40.620919)",
4952,1289,0.242690,Cent,2,1289,4952_1289,7,1,21.176470,0.687620,10000.000000,0.000000,"LINESTRING (-111.929251 40.616674 ,-111.933868 40.616707)",
4952,1290,0.251620,Cent,2,1290,4952_1290,7,1,21.176470,0.712920,10000.000000,0.000000,"LINESTRING (-111.929251 40.616674 ,-111.924502 40.617134)",
4952,5022,0.500730,1300 West,2,1289,4952_5022,1,4,32.255540,0.931430,666.400000,0.000000,"LINESTRING (-111.929251 40.616674 ,-111.929163 40.609415)",
4952,5440,0.513420,1300 West,2,1290,4952_5440,1,4,32.255540,0.955040,666.400000,0.000000,"LINESTRING (-111.929251 40.616674 ,-111.929189 40.624117)",
4958,1299,0.198750,Cent,2,1299,4958_1299,7,1,21.176470,0.563130,10000.000000,0.000000,"LINESTRING (-111.910232 40.618529 ,-111.908054 40.616174)",
4958,5010,0.118720,700 West,2,1299,4958_5010,2,3,36.363640,0.195890,814.416000,0.000000,"LINESTRING (-111.910232 40.618529 ,-111.910268 40.616808)",
4958,5030,0.164810,700 West,2,1295,4958_5030,2,3,36.363640,0.271940,814.416000,0.000000,"LINESTRING (-111.910232 40.618529 ,-111.910235 40.620919)",
5009,5027,0.150790,Center St,2,1299,5009_5027,2,3,36.363640,0.248800,814.416000,0.000000,"LINESTRING (-111.913172 40.610470 ,-111.910314 40.610655)",
5009,5240,0.296910,Holden St,2,1296,5009_5240,2,3,36.363640,0.489900,814.416000,0.000000,"LINESTRING (-111.913172 40.610470 ,-111.911929 40.614669)",
5009,5863,0.190370,7800 Sout,2,1296,5009_5863,2,3,36.363640,0.314110,814.416000,0.000000,"LINESTRING (-111.913172 40.610470 ,-111.916784 40.610265)",
5010,4958,0.118720,700 West,2,1299,5010_4958,2,3,36.363640,0.195890,814.416000,0.000000,"LINESTRING (-111.910268 40.616808 ,-111.910232 40.618529)",
5010,5027,0.424450,700 West,2,1299,5010_5027,1,3,35.363640,0.720150,857.280000,0.000000,"LINESTRING (-111.910268 40.616808 ,-111.910314 40.610655)",
5010,5240,0.171460,Holden St,2,1296,5010_5240,2,3,36.363640,0.282910,814.416000,0.000000,"LINESTRING (-111.910268 40.616808 ,-111.911929 40.614669)",
5017,5018,0.498010,Redwood R,2,1285,5017_5018,3,2,43.516480,0.686650,854.485660,0.000000,"LINESTRING (-111.938751 40.609517 ,-111.938855 40.616737)",
5017,11123,0.262220,7800 Sout,2,1314,5017_11123,2,3,36.363640,0.432660,814.416000,0.000000,"LINESTRING (-111.938751 40.609517 ,-111.943739 40.609520)",
5017,11124,0.364410,7800 Sout,2,1319,5017_11124,2,3,36.363640,0.601280,814.416000,0.000000,"LINESTRING (-111.938751 40.609517 ,-111.931819 40.609526)",
5017,11146,0.249710,Redwood R,2,1314,5017_11146,3,2,43.516480,0.344300,854.485660,0.000000,"LINESTRING (-111.938751 40.609517 ,-111.938858 40.605898)",
5018,1285,0.238400,Cent,2,1285,5018_1285,7,1,21.176470,0.675470,10000.000000,0.000000,"LINESTRING (-111.938855 40.616737 ,-111.943375 40.616454)",
5018,1289,0.262130,Cent,2,1289,5018_1289,7,1,21.176470,0.742700,10000.000000,0.000000,"LINESTRING (-111.938855 40.616737 ,-111.933868 40.616707)",
5018,5017,0.498010,Redwood R,2,1285,5018_5017,3,2,43.516480,0.686650,854.485660,0.000000,"LINESTRING (-111.938855 40.616737 ,-111.938751 40.609517)",
5018,5436,0.506870,Redwood R,2,1285,5018_5436,3,2,43.516480,0.698870,854.485660,0.000000,"LINESTRING (-111.938855 40.616737 ,-111.938742 40.624085)",
5022,4952,0.500730,1300 West,2,1289,5022_4952,1,4,32.255540,0.931430,666.400000,0.000000,"LINESTRING (-111.929163 40.609415 ,-111.929251 40.616674)",
5022,5524,0.198840,7800 Sout,2,1290,5022_5524,2,3,36.363640,0.328090,814.416000,0.000000,"LINESTRING (-111.929163 40.609415 ,-111.925488 40.608731)",
5022,11124,0.139840,7800 Sout,2,1319,5022_11124,2,3,36.363640,0.230740,814.416000,0.000000,"LINESTRING (-111.929163 40.609415 ,-111.931819 40.609526)",
5022,11147,0.118960,1300 West,2,1319,5022_11147,1,4,32.255540,0.221280,666.400000,0.000000,"LINESTRING (-111.929163 40.609415 ,-111.929235 40.607691)",
5027,5009,0.150790,Center St,2,1299,5027_5009,2,3,36.363640,0.248800,814.416000,0.000000,"LINESTRING (-111.910314 40.610655 ,-111.913172 40.610470)",
5027,5010,0.424450,700 West,2,1299,5027_5010,1,3,35.363640,0.720150,857.280000,0.000000,"LINESTRING (-111.910314 40.610655 ,-111.910268 40.616808)",
5027,11129,0.141750,Center St,2,1299,5027_11129,2,3,36.363640,0.233890,814.416000,0.000000,"LINESTRING (-111.910314 40.610655 ,-111.907639 40.610911)",
5027,11150,0.237810,700 West,2,1297,5027_11150,1,4,29.323210,0.486600,666.400000,0.000000,"LINESTRING (-111.910314 40.610655 ,-111.910332 40.607207)",
5030,4899,0.282620,700 West,2,1294,5030_4899,2,4,30.323210,0.559220,633.080000,0.000000,"LINESTRING (-111.910235 40.620919 ,-111.910202 40.625016)",
5030,4958,0.164810,700 West,2,1295,5030_4958,2,3,36.363640,0.271940,814.416000,0.000000,"LINESTRING (-111.910235 40.620919 ,-111.910232 40.618529)",
5030,10872,0.151400,7000 Sout,2,1294,5030_10872,2,3,36.363640,0.249810,814.416000,0.000000,"LINESTRING (-111.910235 40.620919 ,-111.913107 40.621094)",
5030,11128,0.135700,7200 Sout,2,1298,5030_11128,2,3,29.090910,0.279880,814.416000,0.000000,"LINESTRING (-111.910235 40.620919 ,-111.907655 40.620856)",
5034,11129,0.253580,Center St,2,1513,5034_11129,2,3,36.363640,0.418410,814.416000,0.000000,"LINESTRING (-111.902815 40.610924 ,-111.907639 40.610911)",
5037,11128,0.151900,7200 Sout,2,1298,5037_11128,2,3,29.090910,0.313290,814.416000,0.000000,"LINESTRING (-111.904767 40.620808 ,-111.907655 40.620856)",
5103,5820,0.574570,1300 West,2,1320,5103_5820,1,4,32.255540,1.068780,666.400000,0.000000,"LINESTRING (-111.929223 40.594991 ,-111.929267 40.603321)",
5103,11161,0.272100,1300 West,2,1322,5103_11161,1,4,32.255540,0.506150,666.400000,0.000000,"LINESTRING (-111.929223 40.594991 ,-111.929272 40.591047)",
5106,4804,0.260360,700 West,2,1297,5106_4804,1,4,29.323210,0.532740,666.400000,0.000000,"LINESTRING (-111.910268 40.598557 ,-111.910307 40.602331)",
5106,5117,0.747670,700 West,2,1325,5106_5117,1,4,24.678100,1.817810,633.080000,0.000000,"LINESTRING (-111.910268 40.598557 ,-111.910225 40.587717)",
5106,10852,0.055050,500 West,2,1325,5106_10852,1,4,24.678100,0.133840,633.080000,0.000000,"LINESTRING (-111.910268 40.598557 ,-111.909246 40.598382)",
5109,4804,0.248860,700 West,2,1297,5109_4804,1,4,29.323210,0.509210,666.400000,0.000000,"LINESTRING (-111.910315 40.605939 ,-111.910307 40.602331)",
5109,11150,0.087510,700 West,2,1297,5109_11150,1,4,29.323210,0.179060,666.400000,0.000000,"LINESTRING (-111.910315 40.605939 ,-111.910332 40.607207)",
5109,11151,0.194780,8000 South,2,1324,5109_11151,1,5,26.323210,0.443970,514.500000,0.000000,"LINESTRING (-111.910315 40.605939 ,-111.906610 40.605960)",
5112,5589,0.245400,9000 Sout,2,1322,5112_5589,2,2,39.560440,0.372190,892.045410,0.000000,"LINESTRING (-111.938730 40.587762 ,-111.934063 40.587781)",
5112,11159,0.256300,9000 Sout,2,1318,5112_11159,2,2,39.560440,0.388720,892.045410,0.000000,"LINESTRING (-111.938730 40.587762 ,-111.943604 40.587762)",
5112,11160,0.212790,Redwood R,2,1318,5112_11160,3,2,43.516480,0.293390,854.485660,0.000000,"LINESTRING (-111.938730 40.587762 ,-111.938878 40.590844)",
5112,11172,0.247700,Redwood R,2,1346,5112_11172,2,2,39.560440,0.375680,892.045410,0.000000,"LINESTRING (-111.938730 40.587762 ,-111.938819 40.584171)",
5113,8002,0.242040,8660 S,2,1318,5113_8002,1,5,26.323210,0.551700,514.500000,0.000000,"LINESTRING (-111.938770 40.594013 ,-111.943373 40.593977)",
5113,11148,0.346640,Redwood R,2,1316,5113_11148,3,2,43.516480,0.477940,854.485660,0.000000,"LINESTRING (-111.938770 40.594013 ,-111.938793 40.599039)",
5113,11160,0.218660,Redwood R,2,1318,5113_11160,3,2,43.516480,0.301490,854.485660,0.000000,"LINESTRING (-111.938770 40.594013 ,-111.938878 40.590844)",
5114,5589,0.256000,9000 Sout,2,1353,5114_5589,2,2,39.560440,0.388270,892.045410,0.000000,"LINESTRING (-111.929195 40.587794 ,-111.934063 40.587781)",
5114,5592,0.369200,9000 Sout,2,1354,5114_5592,2,2,32.757050,0.676250,847.443180,0.000000,"LINESTRING (-111.929195 40.587794 ,-111.922175 40.587742)",
5114,11161,0.224440,1300 West,2,1322,5114_11161,1,4,32.255540,0.417490,666.400000,0.000000,"LINESTRING (-111.929195 40.587794 ,-111.929272 40.591047)",
5114,11173,0.236250,1300 West,2,1353,5114_11173,1,4,29.323210,0.483410,666.400000,0.000000,"LINESTRING (-111.929195 40.587794 ,-111.929246 40.584369)",
5117,5106,0.747670,700 West,2,1325,5117_5106,1,4,24.678100,1.817810,633.080000,0.000000,"LINESTRING (-111.910225 40.587717 ,-111.910268 40.598557)",
5117,11255,0.123100,9000 Sout,2,1325,5117_11255,2,2,32.757050,0.225480,847.443180,0.000000,"LINESTRING (-111.910225 40.587717 ,-111.907886 40.587813)",
5118,5727,0.111900,9000 Sout,2,1325,5118_5727,2,2,32.757050,0.204960,847.443180,0.000000,"LINESTRING (-111.904260 40.588014 ,-111.902133 40.588000)",
5118,10854,0.091350,500 West,2,1358,5118_10854,1,4,24.678100,0.222100,633.080000,0.000000,"LINESTRING (-111.904260 40.588014 ,-111.904193 40.586691)",
5118,11255,0.191200,9000 Sout,2,1358,5118_11255,2,2,32.757050,0.350210,847.443180,0.000000,"LINESTRING (-111.904260 40.588014 ,-111.907886 40.587813)",
5118,11910,0.135800,500 West,2,1325,5118_11910,1,4,24.678100,0.330170,633.080000,0.000000,"LINESTRING (-111.904260 40.588014 ,-111.904258 40.589983)",
5119,5727,0.058000,9000 Sout,2,1325,5119_5727,2,2,32.757050,0.106240,847.443180,0.000000,"LINESTRING (-111.901030 40.587971 ,-111.902133 40.588000)",
5174,1357,0.417090,Cent,2,1357,5174_1357,7,1,21.176470,1.181750,10000.000000,0.000000,"LINESTRING (-111.913869 40.559071 ,-111.914302 40.565109)",
5174,5587,0.296100,South Jor,2,1401,5174_5587,2,3,36.363640,0.488560,814.416000,0.000000,"LINESTRING (-111.913869 40.559071 ,-111.919260 40.560309)",
5174,5868,0.194300,South Jor,2,1401,5174_5868,2,3,36.363640,0.320590,814.416000,0.000000,"LINESTRING (-111.913869 40.559071 ,-111.910187 40.558860)",
5175,5729,0.185310,9800 Sout,2,1406,5175_5729,1,4,24.678100,0.450550,633.080000,0.000000,"LINESTRING (-111.904348 40.569696 ,-111.900825 40.569709)",
5175,11257,0.211670,9800 Sout,2,1405,5175_11257,1,4,24.678100,0.514630,633.080000,0.000000,"LINESTRING (-111.904348 40.569696 ,-111.908371 40.569754)",
5208,5209,0.399900,Redwood R,2,1351,5208_5209,2,2,39.560440,0.606510,892.045410,0.000000,"LINESTRING (-111.938693 40.562285 ,-111.938738 40.568083)",
5208,5238,0.640700,Redwood R,2,1395,5208_5238,1,2,38.560440,0.996930,929.510400,0.000000,"LINESTRING (-111.938693 40.562285 ,-111.938753 40.552997)",
5208,11261,0.214700,South Jor,2,1397,5208_11261,2,3,36.363640,0.354250,814.416000,0.000000,"LINESTRING (-111.938693 40.562285 ,-111.934612 40.562298)",
5208,11282,0.266600,10400 Sou,2,1395,5208_11282,1,3,35.363640,0.452330,857.280000,0.000000,"LINESTRING (-111.938693 40.562285 ,-111.943762 40.562247)",
5209,1351,0.252410,Cent,2,1351,5209_1351,7,1,21.176470,0.715160,10000.000000,0.000000,"LINESTRING (-111.938738 40.568083 ,-111.943535 40.568001)",
5209,1352,0.251590,Cent,2,1352,5209_1352,7,1,21.176470,0.712840,10000.000000,0.000000,"LINESTRING (-111.938738 40.568083 ,-111.933963 40.567876)",
5209,5208,0.399900,Redwood R,2,1351,5209_5208,2,2,39.560440,0.606510,892.045410,0.000000,"LINESTRING (-111.938738 40.568083 ,-111.938693 40.562285)",
5209,5211,0.346800,Redwood R,2,1351,5209_5211,2,2,39.560440,0.525980,892.045410,0.000000,"LINESTRING (-111.938738 40.568083 ,-111.938687 40.573111)",
5210,1348,0.252530,Cent,2,1348,5210_1348,7,1,21.176470,0.715500,10000.000000,0.000000,"LINESTRING (-111.938741 40.576961 ,-111.943542 40.576985)",
5210,1349,0.230910,Cent,2,1349,5210_1349,7,1,21.176470,0.654250,10000.000000,0.000000,"LINESTRING (-111.938741 40.576961 ,-111.934352 40.576870)",
5210,5211,0.265600,Redwood R,2,1348,5210_5211,2,2,39.560440,0.402830,892.045410,0.000000,"LINESTRING (-111.938741 40.576961 ,-111.938687 40.573111)",
5210,11172,0.497400,Redwood R,2,1346,5210_11172,2,2,39.560440,0.754390,892.045410,0.000000,"LINESTRING (-111.938741 40.576961 ,-111.938819 40.584171)",
5211,5209,0.346800,Redwood R,2,1351,5211_5209,2,2,39.560440,0.525980,892.045410,0.000000,"LINESTRING (-111.938687 40.573111 ,-111.938738 40.568083)",
5211,5210,0.265600,Redwood R,2,1348,5211_5210,2,2,39.560440,0.402830,892.045410,0.000000,"LINESTRING (-111.938687 40.573111 ,-111.938741 40.576961)",
5211,11180,0.302850,9800 Sout,2,1351,5211_11180,1,4,29.323210,0.619680,666.400000,0.000000,"LINESTRING (-111.938687 40.573111 ,-111.944442 40.573253)",
5211,11181,0.402710,9800 Sout,2,1352,5211_11181,1,4,29.323210,0.824010,666.400000,0.000000,"LINESTRING (-111.938687 40.573111 ,-111.931031 40.573173)",
5214,6256,0.403140,1300 West,2,1352,5214_6256,1,4,29.323210,0.824890,666.400000,0.000000,"LINESTRING (-111.929207 40.562200 ,-111.929139 40.568044)",
5214,11259,0.130600,South Jor,2,1401,5214_11259,2,3,36.363640,0.215490,814.416000,0.000000,"LINESTRING (-111.929207 40.562200 ,-111.926737 40.562009)",
5214,11261,0.284400,South Jor,2,1397,5214_11261,2,3,36.363640,0.469260,814.416000,0.000000,"LINESTRING (-111.929207 40.562200 ,-111.934612 40.562298)",
5214,11281,0.444140,1300 West,2,1398,5214_11281,1,4,29.323210,0.908780,666.400000,0.000000,"LINESTRING (-111.929207 40.562200 ,-111.929153 40.555761)",
5215,5588,0.143540,9800 Sout,2,1357,5215_5588,1,4,29.323210,0.293710,666.400000,0.000000,"LINESTRING (-111.919678 40.572454 ,-111.917018 40.571988)",
5215,6255,0.454090,1000 West,2,1356,5215_6255,1,5,26.323210,1.035030,514.500000,0.000000,"LINESTRING (-111.919678 40.572454 ,-111.919626 40.565871)",
5215,11183,0.196130,9800 Sout,2,1355,5215_11183,1,4,29.323210,0.401310,666.400000,0.000000,"LINESTRING (-111.919678 40.572454 ,-111.923406 40.572477)",
5216,5356,0.192600,South Jor,2,1408,5216_5356,2,3,27.940460,0.413590,773.695200,0.000000,"LINESTRING (-111.902774 40.558997 ,-111.899113 40.558973)",
5216,5868,0.390100,South Jor,2,1405,5216_5868,2,3,27.940460,0.837710,773.695200,0.000000,"LINESTRING (-111.902774 40.558997 ,-111.910187 40.558860)",
5216,10847,0.127380,500 West,2,1407,5216_10847,2,4,30.323210,0.252040,633.080000,0.000000,"LINESTRING (-111.902774 40.558997 ,-111.902749 40.557151)",
5216,11507,0.234610,300 West,2,1406,5216_11507,2,4,25.678100,0.548190,601.426000,0.000000,"LINESTRING (-111.902774 40.558997 ,-111.902527 40.562393)",
5219,1349,0.272610,Cent,2,1349,5219_1349,7,1,21.176470,0.772400,10000.000000,0.000000,"LINESTRING (-111.929172 40.576740 ,-111.934352 40.576870)",
5219,1355,0.232860,Cent,2,1355,5219_1355,7,1,21.176470,0.659770,10000.000000,0.000000,"LINESTRING (-111.929172 40.576740 ,-111.924746 40.576632)",
5219,5232,0.292950,1300 West,2,1349,5219_5232,1,4,29.323210,0.599420,666.400000,0.000000,"LINESTRING (-111.929172 40.576740 ,-111.929201 40.572493)",
5219,11173,0.526230,1300 West,2,1353,5219_11173,1,4,29.323210,1.076750,666.400000,0.000000,"LINESTRING (-111.929172 40.576740 ,-111.929246 40.584369)",
5232,5219,0.292950,1300 West,2,1349,5232_5219,1,4,29.323210,0.599420,666.400000,0.000000,"LINESTRING (-111.929201 40.572493 ,-111.929172 40.576740)",
5232,6256,0.306920,1300 West,2,1352,5232_6256,1,4,29.323210,0.628010,666.400000,0.000000,"LINESTRING (-111.929201 40.572493 ,-111.929139 40.568044)",
5232,11182,0.050480,9800 Sout,2,1349,5232_11182,1,4,29.323210,0.103290,666.400000,0.000000,"LINESTRING (-111.929201 40.572493 ,-111.930154 40.572580)",
5232,11183,0.304770,9800 Sout,2,1355,5232_11183,1,4,29.323210,0.623610,666.400000,0.000000,"LINESTRING (-111.929201 40.572493 ,-111.923406 40.572477)",
5238,5208,0.640700,Redwood R,2,1395,5238_5208,1,2,38.560440,0.996930,929.510400,0.000000,"LINESTRING (-111.938753 40.552997 ,-111.938693 40.562285)",
5240,1296,0.205610,Cent,2,1296,5240_1296,7,1,21.176470,0.582560,10000.000000,0.000000,"LINESTRING (-111.911929 40.614669 ,-111.915638 40.613722)",
5240,5009,0.296910,Holden St,2,1296,5240_5009,2,3,36.363640,0.489900,814.416000,0.000000,"LINESTRING (-111.911929 40.614669 ,-111.913172 40.610470)",
5240,5010,0.171460,Holden St,2,1296,5240_5010,2,3,36.363640,0.282910,814.416000,0.000000,"LINESTRING (-111.911929 40.614669 ,-111.910268 40.616808)",
5356,5216,0.192600,South Jor,2,1408,5356_5216,2,3,27.940460,0.413590,773.695200,0.000000,"LINESTRING (-111.899113 40.558973 ,-111.902774 40.558997)",
5436,5018,0.506870,Redwood R,2,1285,5436_5018,3,2,43.516480,0.698870,854.485660,0.000000,"LINESTRING (-111.938742 40.624085 ,-111.938855 40.616737)",
5436,5577,0.187000,7000 Sout,2,1284,5436_5577,2,3,36.363640,0.308550,814.416000,0.000000,"LINESTRING (-111.938742 40.624085 ,-111.942300 40.624038)",
5436,5578,0.437460,Redwood R,2,1286,5436_5578,3,2,39.560440,0.663480,854.485660,0.000000,"LINESTRING (-111.938742 40.624085 ,-111.938760 40.630427)",
5436,11125,0.250900,7000 Sout,2,1289,5436_11125,2,3,36.363640,0.413990,814.416000,0.000000,"LINESTRING (-111.938742 40.624085 ,-111.933970 40.624024)",
5440,4952,0.513420,1300 West,2,1290,5440_4952,1,4,32.255540,0.955040,666.400000,0.000000,"LINESTRING (-111.929189 40.624117 ,-111.929251 40.616674)",
5440,11125,0.251300,7000 Sout,2,1289,5440_11125,2,3,36.363640,0.414640,814.416000,0.000000,"LINESTRING (-111.929189 40.624117 ,-111.933970 40.624024)",
5440,11127,0.238100,7000 Sout,2,1290,5440_11127,2,3,36.363640,0.392870,814.416000,0.000000,"LINESTRING (-111.929189 40.624117 ,-111.924686 40.623746)",
5440,11827,0.183830,1300 West,2,1288,5440_11827,1,4,32.255540,0.341950,666.400000,0.000000,"LINESTRING (-111.929189 40.624117 ,-111.929192 40.626782)",
5441,5861,0.140700,7000 Sout,2,1295,5441_5861,2,3,36.363640,0.232150,814.416000,0.000000,"LINESTRING (-111.917107 40.623244 ,-111.915194 40.621817)",
5441,11126,0.087000,7000 Sout,2,1295,5441_11126,2,3,36.363640,0.143550,814.416000,0.000000,"LINESTRING (-111.917107 40.623244 ,-111.918637 40.623724)",
5524,5022,0.198840,7800 Sout,2,1290,5524_5022,2,3,36.363640,0.328090,814.416000,0.000000,"LINESTRING (-111.925488 40.608731 ,-111.929163 40.609415)",
5524,5863,0.469670,7800 Sout,2,1296,5524_5863,2,3,36.363640,0.774960,814.416000,0.000000,"LINESTRING (-111.925488 40.608731 ,-111.916784 40.610265)",
5577,5436,0.187000,7000 Sout,2,1284,5577_5436,2,3,36.363640,0.308550,814.416000,0.000000,"LINESTRING (-111.942300 40.624038 ,-111.938742 40.624085)",
5578,5436,0.437460,Redwood R,2,1286,5578_5436,3,2,39.560440,0.663480,854.485660,0.000000,"LINESTRING (-111.938760 40.630427 ,-111.938742 40.624085)",
5587,5174,0.296100,South Jor,2,1401,5587_5174,2,3,36.363640,0.488560,814.416000,0.000000,"LINESTRING (-111.919260 40.560309 ,-111.913869 40.559071)",
5587,10857,0.145870,1000 West,2,1356,5587_10857,1,5,26.323210,0.332490,514.500000,0.000000,"LINESTRING (-111.919260 40.560309 ,-111.919656 40.562402)",
5587,11259,0.410500,South Jor,2,1356,5587_11259,2,3,36.363640,0.677330,814.416000,0.000000,"LINESTRING (-111.919260 40.560309 ,-111.926737 40.562009)",
5588,1357,0.495490,Cent,2,1357,5588_1357,7,1,21.176470,1.403890,10000.000000,0.000000,"LINESTRING (-111.917018 40.571988 ,-111.914302 40.565109)",
5588,5215,0.143540,9800 Sout,2,1357,5588_5215,1,4,29.323210,0.293710,666.400000,0.000000,"LINESTRING (-111.917018 40.571988 ,-111.919678 40.572454)",
5588,11184,0.172490,9800 Sout,2,1405,5588_11184,1,4,24.678100,0.419380,633.080000,0.000000,"LINESTRING (-111.917018 40.571988 ,-111.913770 40.572331)",
5589,1322,0.222930,Cent,2,1322,5589_1322,7,1,21.176470,0.631640,10000.000000,0.000000,"LINESTRING (-111.934063 40.587781 ,-111.934349 40.591006)",
5589,1353,0.256390,Cent,2,1353,5589_1353,7,1,21.176470,0.726440,10000.000000,0.000000,"LINESTRING (-111.934063 40.587781 ,-111.934266 40.584068)",
5589,5112,0.245400,9000 Sout,2,1322,5589_5112,2,2,39.560440,0.372190,892.045410,0.000000,"LINESTRING (-111.934063 40.587781 ,-111.938730 40.587762)",
5589,5114,0.256000,9000 Sout,2,1353,5589_5114,2,2,39.560440,0.388270,892.045410,0.000000,"LINESTRING (-111.934063 40.587781 ,-111.929195 40.587794)",
5592,1323,0.269720,Cent,2,1323,5592_1323,7,1,21.176470,0.764210,10000.000000,0.000000,"LINESTRING (-111.922175 40.587742 ,-111.921418 40.591609)",
5592,1354,0.262740,Cent,2,1354,5592_1354,7,1,16.216220,0.972140,10000.000000,0.000000,"LINESTRING (-111.922175 40.587742 ,-111.923428 40.584054)",
5592,5114,0.369200,9000 Sout,2,1354,5592_5114,2,2,32.757050,0.676250,847.443180,0.000000,"LINESTRING (-111.922175 40.587742 ,-111.929195 40.587794)",
5727,5118,0.111900,9000 Sout,2,1325,5727_5118,2,2,32.757050,0.204960,847.443180,0.000000,"LINESTRING (-111.902133 40.588000 ,-111.904260 40.588014)",
5727,5119,0.058000,9000 Sout,2,1325,5727_5119,2,2,32.757050,0.106240,847.443180,0.000000,"LINESTRING (-111.902133 40.588000 ,-111.901030 40.587971)",
5728,1361,0.170510,Cent,2,1361,5728_1361,7,1,16.216220,0.630890,10000.000000,0.000000,"LINESTRING (-111.900794 40.573575 ,-111.902492 40.575680)",
5728,5729,0.266650,300 West,2,1361,5728_5729,1,4,24.678100,0.648310,633.080000,0.000000,"LINESTRING (-111.900794 40.573575 ,-111.900825 40.569709)",
5728,7984,0.487910,500 West,2,1361,5728_7984,1,4,24.678100,1.186260,633.080000,0.000000,"LINESTRING (-111.900794 40.573575 ,-111.900701 40.580648)",
5729,5175,0.185310,9800 Sout,2,1406,5729_5175,1,4,24.678100,0.450550,633.080000,0.000000,"LINESTRING (-111.900825 40.569709 ,-111.904348 40.569696)",
5729,5728,0.266650,300 West,2,1361,5729_5728,1,4,24.678100,0.648310,633.080000,0.000000,"LINESTRING (-111.900825 40.569709 ,-111.900794 40.573575)",
5729,5929,0.195600,9800 Sout,2,1549,5729_5929,2,4,25.678100,0.457040,601.426000,0.000000,"LINESTRING (-111.900825 40.569709 ,-111.897106 40.569721)",
5730,8172,0.178180,700 West,2,1358,5730_8172,1,4,24.678100,0.433210,633.080000,0.000000,"LINESTRING (-111.905499 40.583282 ,-111.905503 40.580699)",
5730,11763,0.112260,700 West,2,1358,5730_11763,1,4,24.678100,0.272940,633.080000,0.000000,"LINESTRING (-111.905499 40.583282 ,-111.905488 40.584909)",
5736,8116,0.324280,Sugar Fact,2,1316,5736_8116,1,5,26.323210,0.739150,514.500000,0.000000,"LINESTRING (-111.938695 40.602343 ,-111.944862 40.602292)",
5736,11146,0.245410,Redwood R,2,1316,5736_11146,3,2,43.516480,0.338370,854.485660,0.000000,"LINESTRING (-111.938695 40.602343 ,-111.938858 40.605898)",
5736,11148,0.227970,Redwood R,2,1320,5736_11148,3,2,43.516480,0.314320,854.485660,0.000000,"LINESTRING (-111.938695 40.602343 ,-111.938793 40.599039)",
5820,1320,0.344520,Cent,2,1320,5820_1320,7,1,21.176470,0.976140,10000.000000,0.000000,"LINESTRING (-111.929267 40.603321 ,-111.934152 40.599993)",
5820,5103,0.574570,1300 West,2,1320,5820_5103,1,4,32.255540,1.068780,666.400000,0.000000,"LINESTRING (-111.929267 40.603321 ,-111.929223 40.594991)",
5820,11147,0.301450,1300 West,2,1320,5820_11147,1,4,32.255540,0.560740,666.400000,0.000000,"LINESTRING (-111.929267 40.603321 ,-111.929235 40.607691)",
5861,5441,0.140700,7000 Sout,2,1295,5861_5441,2,3,36.363640,0.232150,814.416000,0.000000,"LINESTRING (-111.915194 40.621817 ,-111.917107 40.623244)",
5861,10872,0.120500,7000 Sout,2,1294,5861_10872,2,3,36.363640,0.198830,814.416000,0.000000,"LINESTRING (-111.915194 40.621817 ,-111.913107 40.621094)",
5863,5009,0.190370,7800 Sout,2,1296,5863_5009,2,3,36.363640,0.314110,814.416000,0.000000,"LINESTRING (-111.916784 40.610265 ,-111.913172 40.610470)",
5863,5524,0.469670,7800 Sout,2,1296,5863_5524,2,3,36.363640,0.774960,814.416000,0.000000,"LINESTRING (-111.916784 40.610265 ,-111.925488 40.608731)",
5868,5174,0.194300,South Jor,2,1401,5868_5174,2,3,36.363640,0.320590,814.416000,0.000000,"LINESTRING (-111.910187 40.558860 ,-111.913869 40.559071)",
5868,5216,0.390100,South Jor,2,1405,5868_5216,2,3,27.940460,0.837710,773.695200,0.000000,"LINESTRING (-111.910187 40.558860 ,-111.902774 40.558997)",
5868,6253,0.339010,River Fron,2,1401,5868_6253,1,5,26.323210,0.772720,514.500000,0.000000,"LINESTRING (-111.910187 40.558860 ,-111.913648 40.554715)",
5929,5729,0.195600,9800 Sout,2,1549,5929_5729,2,4,25.678100,0.457040,601.426000,0.000000,"LINESTRING (-111.897106 40.569721 ,-111.900825 40.569709)",
6185,1359,0.358560,Cent,2,1359,6185_1359,7,1,21.176470,1.015920,10000.000000,0.000000,"LINESTRING (-111.905514 40.575754 ,-111.911824 40.577722)",
6185,8172,0.341090,700 West,2,1359,6185_8172,1,4,29.323210,0.697920,666.400000,0.000000,"LINESTRING (-111.905514 40.575754 ,-111.905503 40.580699)",
6253,5868,0.339010,River Fron,2,1401,6253_5868,1,5,26.323210,0.772720,514.500000,0.000000,"LINESTRING (-111.913648 40.554715 ,-111.910187 40.558860)",
6255,1356,0.252690,Cent,2,1356,6255_1356,7,1,21.176470,0.715950,10000.000000,0.000000,"LINESTRING (-111.919626 40.565871 ,-111.924114 40.567177)",
6255,1357,0.284940,Cent,2,1357,6255_1357,7,1,21.176470,0.807330,10000.000000,0.000000,"LINESTRING (-111.919626 40.565871 ,-111.914302 40.565109)",
6255,5215,0.454090,1000 West,2,1356,6255_5215,1,5,26.323210,1.035030,514.500000,0.000000,"LINESTRING (-111.919626 40.565871 ,-111.919678 40.572454)",
6255,10857,0.239290,1000 West,2,1356,6255_10857,1,5,26.323210,0.545430,514.500000,0.000000,"LINESTRING (-111.919626 40.565871 ,-111.919656 40.562402)",
6256,1352,0.254010,Cent,2,1352,6256_1352,7,1,21.176470,0.719690,10000.000000,0.000000,"LINESTRING (-111.929139 40.568044 ,-111.933963 40.567876)",
6256,1356,0.271010,Cent,2,1356,6256_1356,7,1,21.176470,0.767860,10000.000000,0.000000,"LINESTRING (-111.929139 40.568044 ,-111.924114 40.567177)",
6256,5214,0.403140,1300 West,2,1352,6256_5214,1,4,29.323210,0.824890,666.400000,0.000000,"LINESTRING (-111.929139 40.568044 ,-111.929207 40.562200)",
6256,5232,0.306920,1300 West,2,1352,6256_5232,1,4,29.323210,0.628010,666.400000,0.000000,"LINESTRING (-111.929139 40.568044 ,-111.929201 40.572493)",
6270,6273,0.187950,500 West,2,1325,6270_6273,1,4,24.678100,0.456960,633.080000,0.000000,"LINESTRING (-111.904847 40.593812 ,-111.905677 40.596462)",
6270,10853,0.100690,500 West,2,1325,6270_10853,1,4,24.678100,0.244810,633.080000,0.000000,"LINESTRING (-111.904847 40.593812 ,-111.904442 40.592385)",
6273,6270,0.187950,500 West,2,1325,6273_6270,1,4,24.678100,0.456960,633.080000,0.000000,"LINESTRING (-111.905677 40.596462 ,-111.904847 40.593812)",
6273,10851,0.046100,500 West,2,1325,6273_10851,1,4,24.678100,0.112080,633.080000,0.000000,"LINESTRING (-111.905677 40.596462 ,-111.906130 40.597034)",
7210,10850,0.037810,500 West,2,1358,7210_10850,1,4,24.678100,0.091930,633.080000,0.000000,"LINESTRING (-111.904821 40.585866 ,-111.904175 40.585624)",
7210,10854,0.065810,500 West,2,1358,7210_10854,1,4,24.678100,0.160000,633.080000,0.000000,"LINESTRING (-111.904821 40.585866 ,-111.904193 40.586691)",
7210,11763,0.074710,700 West,2,1358,7210_11763,1,4,24.678100,0.181640,633.080000,0.000000,"LINESTRING (-111.904821 40.585866 ,-111.905488 40.584909)",
7984,5728,0.487910,500 West,2,1361,7984_5728,1,4,24.678100,1.186260,633.080000,0.000000,"LINESTRING (-111.900701 40.580648 ,-111.900794 40.573575)",
7984,10849,0.249470,500 West,2,1360,7984_10849,1,4,24.678100,0.606540,633.080000,0.000000,"LINESTRING (-111.900701 40.580648 ,-111.900672 40.584264)",
7984,11489,0.102630,9400 Sout,2,1361,7984_11489,1,3,30.044950,0.204950,814.416000,0.000000,"LINESTRING (-111.900701 40.580648 ,-111.902652 40.580647)",
8002,5113,0.242040,8660 S,2,1318,8002_5113,1,5,26.323210,0.551700,514.500000,0.000000,"LINESTRING (-111.943373 40.593977 ,-111.938770 40.594013)",
8116,5736,0.324280,Sugar Fact,2,1316,8116_5736,1,5,26.323210,0.739150,514.500000,0.000000,"LINESTRING (-111.944862 40.602292 ,-111.938695 40.602343)",
8172,5730,0.178180,700 West,2,1358,8172_5730,1,4,24.678100,0.433210,633.080000,0.000000,"LINESTRING (-111.905503 40.580699 ,-111.905499 40.583282)",
8172,6185,0.341090,700 West,2,1359,8172_6185,1,4,29.323210,0.697920,666.400000,0.000000,"LINESTRING (-111.905503 40.580699 ,-111.905514 40.575754)",
8172,11489,0.149950,9400 Sout,2,1359,8172_11489,1,3,35.363640,0.254410,857.280000,0.000000,"LINESTRING (-111.905503 40.580699 ,-111.902652 40.580647)",
10847,5216,0.127380,Jordan Gat,2,1407,10847_5216,2,4,30.323210,0.252040,633.080000,0.000000,"LINESTRING (-111.902749 40.557151 ,-111.902774 40.558997)",
10849,4156,0.094600,500 West,2,1360,10849_4156,1,4,24.678100,0.230000,633.080000,0.000000,"LINESTRING (-111.900672 40.584264 ,-111.900942 40.585620)",
10849,7984,0.249470,500 West,2,1360,10849_7984,1,4,24.678100,0.606540,633.080000,0.000000,"LINESTRING (-111.900672 40.584264 ,-111.900701 40.580648)",
10850,1360,0.165140,Cent,2,1360,10850_1360,7,1,16.216220,0.611020,10000.000000,0.000000,"LINESTRING (-111.904175 40.585624 ,-111.901834 40.584029)",
10850,4156,0.170030,500 West,2,1360,10850_4156,1,4,24.678100,0.413390,633.080000,0.000000,"LINESTRING (-111.904175 40.585624 ,-111.900942 40.585620)",
10850,7210,0.037810,500 West,2,1358,10850_7210,1,4,24.678100,0.091930,633.080000,0.000000,"LINESTRING (-111.904175 40.585624 ,-111.904821 40.585866)",
10851,6273,0.046100,500 West,2,1325,10851_6273,1,4,24.678100,0.112080,633.080000,0.000000,"LINESTRING (-111.906130 40.597034 ,-111.905677 40.596462)",
10851,10852,0.188420,500 West,2,1325,10851_10852,1,4,24.678100,0.458110,633.080000,0.000000,"LINESTRING (-111.906130 40.597034 ,-111.909246 40.598382)",
10852,5106,0.055050,500 West,2,1325,10852_5106,1,4,24.678100,0.133840,633.080000,0.000000,"LINESTRING (-111.909246 40.598382 ,-111.910268 40.598557)",
10852,10851,0.188420,500 West,2,1325,10852_10851,1,4,24.678100,0.458110,633.080000,0.000000,"LINESTRING (-111.909246 40.598382 ,-111.906130 40.597034)",
10853,1325,0.158260,Cent,2,1325,10853_1325,7,1,16.216220,0.585560,10000.000000,0.000000,"LINESTRING (-111.904442 40.592385 ,-111.907451 40.592344)",
10853,6270,0.100690,500 West,2,1325,10853_6270,1,4,24.678100,0.244810,633.080000,0.000000,"LINESTRING (-111.904442 40.592385 ,-111.904847 40.593812)",
10853,11910,0.165980,500 West,2,1325,10853_11910,1,4,24.678100,0.403550,633.080000,0.000000,"LINESTRING (-111.904442 40.592385 ,-111.904258 40.589983)",
10854,5118,0.091350,500 West,2,1358,10854_5118,1,4,24.678100,0.222100,633.080000,0.000000,"LINESTRING (-111.904193 40.586691 ,-111.904260 40.588014)",
10854,7210,0.065810,500 West,2,1358,10854_7210,1,4,24.678100,0.160000,633.080000,0.000000,"LINESTRING (-111.904193 40.586691 ,-111.904821 40.585866)",
10857,5587,0.145870,1000 West,2,1356,10857_5587,1,5,26.323210,0.332490,514.500000,0.000000,"LINESTRING (-111.919656 40.562402 ,-111.919260 40.560309)",
10857,6255,0.239290,1000 West,2,1356,10857_6255,1,5,26.323210,0.545430,514.500000,0.000000,"LINESTRING (-111.919656 40.562402 ,-111.919626 40.565871)",
10872,5030,0.151400,7000 Sout,2,1294,10872_5030,2,3,36.363640,0.249810,814.416000,0.000000,"LINESTRING (-111.913107 40.621094 ,-111.910235 40.620919)",
10872,5861,0.120500,7000 Sout,2,1294,10872_5861,2,3,36.363640,0.198830,814.416000,0.000000,"LINESTRING (-111.913107 40.621094 ,-111.915194 40.621817)",
11123,5017,0.262220,7800 Sout,2,1314,11123_5017,2,3,36.363640,0.432660,814.416000,0.000000,"LINESTRING (-111.943739 40.609520 ,-111.938751 40.609517)",
11124,1289,0.506880,Cent,2,1289,11124_1289,7,1,21.176470,1.436160,10000.000000,0.000000,"LINESTRING (-111.931819 40.609526 ,-111.933868 40.616707)",
11124,1319,0.205360,Cent,2,1319,11124_1319,7,1,21.176470,0.581850,10000.000000,0.000000,"LINESTRING (-111.931819 40.609526 ,-111.934408 40.607297)",
11124,5017,0.364410,7800 Sout,2,1319,11124_5017,2,3,36.363640,0.601280,814.416000,0.000000,"LINESTRING (-111.931819 40.609526 ,-111.938751 40.609517)",
11124,5022,0.139840,7800 Sout,2,1319,11124_5022,2,3,36.363640,0.230740,814.416000,0.000000,"LINESTRING (-111.931819 40.609526 ,-111.929163 40.609415)",
11125,1286,0.465960,Cent,2,1286,11125_1286,7,1,21.176470,1.320220,10000.000000,0.000000,"LINESTRING (-111.933970 40.624024 ,-111.934202 40.630776)",
11125,1289,0.504720,Cent,2,1289,11125_1289,7,1,21.176470,1.430040,10000.000000,0.000000,"LINESTRING (-111.933970 40.624024 ,-111.933868 40.616707)",
11125,5436,0.250900,7000 Sout,2,1289,11125_5436,2,3,36.363640,0.413990,814.416000,0.000000,"LINESTRING (-111.933970 40.624024 ,-111.938742 40.624085)",
11125,5440,0.251300,7000 Sout,2,1289,11125_5440,2,3,36.363640,0.414640,814.416000,0.000000,"LINESTRING (-111.933970 40.624024 ,-111.929189 40.624117)",
11126,5441,0.087000,7000 Sout,2,1295,11126_5441,2,3,36.363640,0.143550,814.416000,0.000000,"LINESTRING (-111.918637 40.623724 ,-111.917107 40.623244)",
11126,11127,0.317900,7000 Sout,2,1288,11126_11127,2,3,36.363640,0.524540,814.416000,0.000000,"LINESTRING (-111.918637 40.623724 ,-111.924686 40.623746)",
11127,5440,0.238100,7000 Sout,2,1290,11127_5440,2,3,36.363640,0.392870,814.416000,0.000000,"LINESTRING (-111.924686 40.623746 ,-111.929189 40.624117)",
11127,11126,0.317900,7000 Sout,2,1288,11127_11126,2,3,36.363640,0.524540,814.416000,0.000000,"LINESTRING (-111.924686 40.623746 ,-111.918637 40.623724)",
11128,5030,0.135700,7200 Sout,2,1298,11128_5030,2,3,29.090910,0.279880,814.416000,0.000000,"LINESTRING (-111.907655 40.620856 ,-111.910235 40.620919)",
11128,5037,0.151900,7200 Sout,2,1298,11128_5037,2,3,29.090910,0.313290,814.416000,0.000000,"LINESTRING (-111.907655 40.620856 ,-111.904767 40.620808)",
11129,1299,0.363670,Cent,2,1299,11129_1299,7,1,21.176470,1.030400,10000.000000,0.000000,"LINESTRING (-111.907639 40.610911 ,-111.908054 40.616174)",
11129,5027,0.141750,Center St,2,1299,11129_5027,2,3,36.363640,0.233890,814.416000,0.000000,"LINESTRING (-111.907639 40.610911 ,-111.910314 40.610655)",
11129,5034,0.253580,Center St,2,1513,11129_5034,2,3,36.363640,0.418410,814.416000,0.000000,"LINESTRING (-111.907639 40.610911 ,-111.902815 40.610924)",
11146,1314,0.275780,Cent,2,1314,11146_1314,7,1,21.176470,0.781380,10000.000000,0.000000,"LINESTRING (-111.938858 40.605898 ,-111.944074 40.606326)",
11146,5017,0.249710,Redwood R,2,1314,11146_5017,3,2,43.516480,0.344300,854.485660,0.000000,"LINESTRING (-111.938858 40.605898 ,-111.938751 40.609517)",
11146,5736,0.245410,Redwood R,2,1316,11146_5736,3,2,43.516480,0.338370,854.485660,0.000000,"LINESTRING (-111.938858 40.605898 ,-111.938695 40.602343)",
11147,5022,0.118960,1300 West,2,1319,11147_5022,1,4,32.255540,0.221280,666.400000,0.000000,"LINESTRING (-111.929235 40.607691 ,-111.929163 40.609415)",
11147,5820,0.301450,1300 West,2,1320,11147_5820,1,4,32.255540,0.560740,666.400000,0.000000,"LINESTRING (-111.929235 40.607691 ,-111.929267 40.603321)",
11148,1316,0.260810,Cent,2,1316,11148_1316,7,1,21.176470,0.738960,10000.000000,0.000000,"LINESTRING (-111.938793 40.599039 ,-111.943565 40.598006)",
11148,1320,0.252710,Cent,2,1320,11148_1320,7,1,21.176470,0.716010,10000.000000,0.000000,"LINESTRING (-111.938793 40.599039 ,-111.934152 40.599993)",
11148,5113,0.346640,Redwood R,2,1316,11148_5113,3,2,43.516480,0.477940,854.485660,0.000000,"LINESTRING (-111.938793 40.599039 ,-111.938770 40.594013)",
11148,5736,0.227970,Redwood R,2,1320,11148_5736,3,2,43.516480,0.314320,854.485660,0.000000,"LINESTRING (-111.938793 40.599039 ,-111.938695 40.602343)",
11150,5027,0.237810,700 West,2,1297,11150_5027,1,4,29.323210,0.486600,666.400000,0.000000,"LINESTRING (-111.910332 40.607207 ,-111.910314 40.610655)",
11150,5109,0.087510,700 West,2,1297,11150_5109,1,4,29.323210,0.179060,666.400000,0.000000,"LINESTRING (-111.910332 40.607207 ,-111.910315 40.605939)",
11151,5109,0.194780,8000 South,2,1324,11151_5109,1,5,26.323210,0.443970,514.500000,0.000000,"LINESTRING (-111.906610 40.605960 ,-111.910315 40.605939)",
11159,5112,0.256300,9000 Sout,2,1318,11159_5112,2,2,39.560440,0.388720,892.045410,0.000000,"LINESTRING (-111.943604 40.587762 ,-111.938730 40.587762)",
11160,1318,0.238350,Cent,2,1318,11160_1318,7,1,21.176470,0.675330,10000.000000,0.000000,"LINESTRING (-111.938878 40.590844 ,-111.943411 40.590891)",
11160,5112,0.212790,Redwood R,2,1318,11160_5112,3,2,43.516480,0.293390,854.485660,0.000000,"LINESTRING (-111.938878 40.590844 ,-111.938730 40.587762)",
11160,5113,0.218660,Redwood R,2,1318,11160_5113,3,2,43.516480,0.301490,854.485660,0.000000,"LINESTRING (-111.938878 40.590844 ,-111.938770 40.594013)",
11161,1322,0.266980,Cent,2,1322,11161_1322,7,1,21.176470,0.756440,10000.000000,0.000000,"LINESTRING (-111.929272 40.591047 ,-111.934349 40.591006)",
11161,5103,0.272100,1300 West,2,1322,11161_5103,1,4,32.255540,0.506150,666.400000,0.000000,"LINESTRING (-111.929272 40.591047 ,-111.929223 40.594991)",
11161,5114,0.224440,1300 West,2,1322,11161_5114,1,4,32.255540,0.417490,666.400000,0.000000,"LINESTRING (-111.929272 40.591047 ,-111.929195 40.587794)",
11172,1346,0.251770,Cent,2,1346,11172_1346,7,1,21.176470,0.713350,10000.000000,0.000000,"LINESTRING (-111.938819 40.584171 ,-111.943605 40.584092)",
11172,1353,0.239520,Cent,2,1353,11172_1353,7,1,21.176470,0.678640,10000.000000,0.000000,"LINESTRING (-111.938819 40.584171 ,-111.934266 40.584068)",
11172,5112,0.247700,Redwood R,2,1346,11172_5112,2,2,39.560440,0.375680,892.045410,0.000000,"LINESTRING (-111.938819 40.584171 ,-111.938730 40.587762)",
11172,5210,0.497400,Redwood R,2,1346,11172_5210,2,2,39.560440,0.754390,892.045410,0.000000,"LINESTRING (-111.938819 40.584171 ,-111.938741 40.576961)",
11173,1353,0.264830,Cent,2,1353,11173_1353,7,1,21.176470,0.750350,10000.000000,0.000000,"LINESTRING (-111.929246 40.584369 ,-111.934266 40.584068)",
11173,1354,0.306730,Cent,2,1354,11173_1354,7,1,16.216220,1.134900,10000.000000,0.000000,"LINESTRING (-111.929246 40.584369 ,-111.923428 40.584054)",
11173,5114,0.236250,1300 West,2,1353,11173_5114,1,4,29.323210,0.483410,666.400000,0.000000,"LINESTRING (-111.929246 40.584369 ,-111.929195 40.587794)",
11173,5219,0.526230,1300 West,2,1353,11173_5219,1,4,29.323210,1.076750,666.400000,0.000000,"LINESTRING (-111.929246 40.584369 ,-111.929172 40.576740)",
11180,5211,0.302850,9800 Sout,2,1351,11180_5211,1,4,29.323210,0.619680,666.400000,0.000000,"LINESTRING (-111.944442 40.573253 ,-111.938687 40.573111)",
11181,1349,0.309110,Cent,2,1349,11181_1349,7,1,21.176470,0.875810,10000.000000,0.000000,"LINESTRING (-111.931031 40.573173 ,-111.934352 40.576870)",
11181,1352,0.396600,Cent,2,1352,11181_1352,7,1,21.176470,1.123700,10000.000000,0.000000,"LINESTRING (-111.931031 40.573173 ,-111.933963 40.567876)",
11181,5211,0.402710,9800 Sout,2,1352,11181_5211,1,4,29.323210,0.824010,666.400000,0.000000,"LINESTRING (-111.931031 40.573173 ,-111.938687 40.573111)",
11181,11182,0.061640,9800 Sout,2,1352,11181_11182,1,4,29.323210,0.126130,666.400000,0.000000,"LINESTRING (-111.931031 40.573173 ,-111.930154 40.572580)",
11182,5232,0.050480,9800 Sout,2,1349,11182_5232,1,4,29.323210,0.103290,666.400000,0.000000,"LINESTRING (-111.930154 40.572580 ,-111.929201 40.572493)",
11182,11181,0.061640,9800 Sout,2,1352,11182_11181,1,4,29.323210,0.126130,666.400000,0.000000,"LINESTRING (-111.930154 40.572580 ,-111.931031 40.573173)",
11183,1355,0.295150,Cent,2,1355,11183_1355,7,1,21.176470,0.836260,10000.000000,0.000000,"LINESTRING (-111.923406 40.572477 ,-111.924746 40.576632)",
11183,1356,0.367410,Cent,2,1356,11183_1356,7,1,21.176470,1.041000,10000.000000,0.000000,"LINESTRING (-111.923406 40.572477 ,-111.924114 40.567177)",
11183,5215,0.196130,9800 Sout,2,1355,11183_5215,1,4,29.323210,0.401310,666.400000,0.000000,"LINESTRING (-111.923406 40.572477 ,-111.919678 40.572454)",
11183,5232,0.304770,9800 Sout,2,1355,11183_5232,1,4,29.323210,0.623610,666.400000,0.000000,"LINESTRING (-111.923406 40.572477 ,-111.929201 40.572493)",
11184,5588,0.172490,9800 Sout,2,1405,11184_5588,1,4,24.678100,0.419380,633.080000,0.000000,"LINESTRING (-111.913770 40.572331 ,-111.917018 40.571988)",
11184,11257,0.334990,9800 Sout,2,1405,11184_11257,1,4,24.678100,0.814460,633.080000,0.000000,"LINESTRING (-111.913770 40.572331 ,-111.908371 40.569754)",
11255,5117,0.123100,9000 Sout,2,1325,11255_5117,2,2,32.757050,0.225480,847.443180,0.000000,"LINESTRING (-111.907886 40.587813 ,-111.910225 40.587717)",
11255,5118,0.191200,9000 Sout,2,1358,11255_5118,2,2,32.757050,0.350210,847.443180,0.000000,"LINESTRING (-111.907886 40.587813 ,-111.904260 40.588014)",
11257,1404,0.138880,Cent,2,1404,11257_1404,7,1,16.216220,0.513860,10000.000000,0.000000,"LINESTRING (-111.908371 40.569754 ,-111.908153 40.571760)",
11257,5175,0.211670,9800 Sout,2,1405,11257_5175,1,4,24.678100,0.514630,633.080000,0.000000,"LINESTRING (-111.908371 40.569754 ,-111.904348 40.569696)",
11257,11184,0.334990,9800 Sout,2,1405,11257_11184,1,4,24.678100,0.814460,633.080000,0.000000,"LINESTRING (-111.908371 40.569754 ,-111.913770 40.572331)",
11259,1356,0.382270,Cent,2,1356,11259_1356,7,1,21.176470,1.083100,10000.000000,0.000000,"LINESTRING (-111.926737 40.562009 ,-111.924114 40.567177)",
11259,5214,0.130600,South Jor,2,1401,11259_5214,2,3,36.363640,0.215490,814.416000,0.000000,"LINESTRING (-111.926737 40.562009 ,-111.929207 40.562200)",
11259,5587,0.410500,South Jor,2,1356,11259_5587,2,3,36.363640,0.677330,814.416000,0.000000,"LINESTRING (-111.926737 40.562009 ,-111.919260 40.560309)",
11261,1352,0.386260,Cent,2,1352,11261_1352,7,1,21.176470,1.094400,10000.000000,0.000000,"LINESTRING (-111.934612 40.562298 ,-111.933963 40.567876)",
11261,1397,0.611250,Cent,2,1397,11261_1397,7,1,21.176470,1.731870,10000.000000,0.000000,"LINESTRING (-111.934612 40.562298 ,-111.936589 40.553565)",
11261,5208,0.214700,South Jor,2,1397,11261_5208,2,3,36.363640,0.354250,814.416000,0.000000,"LINESTRING (-111.934612 40.562298 ,-111.938693 40.562285)",
11261,5214,0.284400,South Jor,2,1397,11261_5214,2,3,36.363640,0.469260,814.416000,0.000000,"LINESTRING (-111.934612 40.562298 ,-111.929207 40.562200)",
11281,5214,0.444140,1300 West,2,1398,11281_5214,1,4,29.323210,0.908780,666.400000,0.000000,"LINESTRING (-111.929153 40.555761 ,-111.929207 40.562200)",
11282,5208,0.266600,10400 Sou,2,1395,11282_5208,1,3,35.363640,0.452330,857.280000,0.000000,"LINESTRING (-111.943762 40.562247 ,-111.938693 40.562285)",
11489,1360,0.237260,Cent,2,1360,11489_1360,7,1,16.216220,0.877860,10000.000000,0.000000,"LINESTRING (-111.902652 40.580647 ,-111.901834 40.584029)",
11489,7984,0.102630,9400 Sout,2,1361,11489_7984,1,3,30.044950,0.204950,814.416000,0.000000,"LINESTRING (-111.902652 40.580647 ,-111.900701 40.580648)",
11489,8172,0.149950,9400 Sout,2,1359,11489_8172,1,3,35.363640,0.254410,857.280000,0.000000,"LINESTRING (-111.902652 40.580647 ,-111.905503 40.580699)",
11507,3689,0.093980,300 West,2,1406,11507_3689,2,4,25.678100,0.219600,601.426000,0.000000,"LINESTRING (-111.902527 40.562393 ,-111.900748 40.562521)",
11507,5216,0.234610,300 West,2,1406,11507_5216,2,4,25.678100,0.548190,601.426000,0.000000,"LINESTRING (-111.902527 40.562393 ,-111.902774 40.558997)",
11763,5730,0.112260,700 West,2,1358,11763_5730,1,4,24.678100,0.272940,633.080000,0.000000,"LINESTRING (-111.905488 40.584909 ,-111.905499 40.583282)",
11763,7210,0.074710,700 West,2,1358,11763_7210,1,4,24.678100,0.181640,633.080000,0.000000,"LINESTRING (-111.905488 40.584909 ,-111.904821 40.585866)",
11827,5440,0.183830,1300 West,2,1288,11827_5440,1,4,32.255540,0.341950,666.400000,0.000000,"LINESTRING (-111.929192 40.626782 ,-111.929189 40.624117)",
11910,5118,0.135800,500 West,2,1325,11910_5118,1,4,24.678100,0.330170,633.080000,0.000000,"LINESTRING (-111.904258 40.589983 ,-111.904260 40.588014)",
11910,10853,0.165980,500 West,2,1325,11910_10853,1,4,24.678100,0.403550,633.080000,0.000000,"LINESTRING (-111.904258 40.589983 ,-111.904442 40.592385)",
1358,3000,0.000000,Riverside,2,0,1358_3000,1,3,35.000000,0.000000,600.000000,0.000000,"LINESTRING (-111.911502 40.583522 ,-111.913140 40.583246 ,-111.914912 40.582901 ,-111.915721 40.582258 ,-111.916207 40.581200)",
1358,5117,0.000000,Riverside,2,0,1358_5117,1,3,35.000000,0.000000,600.000000,0.000000,"LINESTRING (-111.910225 40.587717 ,-111.910295 40.585151 ,-111.910310 40.585034 ,-111.910333 40.584918 ,-111.910362 40.584804 ,-111.910398 40.584691 ,-111.910441 40.584581 ,-111.910490 40.584473 ,-111.910546 40.584369 ,-111.910607 40.584268 ,-111.910675 40.584171 ,-111.910748 40.584078 ,-111.910827 40.583990 ,-111.910910 40.583906 ,-111.910999 40.583828 ,-111.911092 40.583755 ,-111.911189 40.583688 ,-111.911290 40.583626 ,-111.911395 40.583571 ,-111.911502 40.583522)",
5117,1358,0.000000,Riverside,2,0,5117_1358,1,3,35.000000,0.000000,600.000000,0.000000,"LINESTRING (-111.911502 40.583522 ,-111.911395 40.583571 ,-111.911290 40.583626 ,-111.911189 40.583688 ,-111.911092 40.583755 ,-111.910999 40.583828 ,-111.910910 40.583906 ,-111.910827 40.583990 ,-111.910748 40.584078 ,-111.910675 40.584171 ,-111.910607 40.584268 ,-111.910546 40.584369 ,-111.910490 40.584473 ,-111.910441 40.584581 ,-111.910398 40.584691 ,-111.910362 40.584804 ,-111.910333 40.584918 ,-111.910310 40.585034 ,-111.910295 40.585151 ,-111.910225 40.587717)",
3000,1358,0.000000,Riverside,2,0,3000_1358,1,3,35.000000,0.000000,600.000000,0.000000,"LINESTRING (-111.916207 40.581200 ,-111.915721 40.582258 ,-111.914912 40.582901 ,-111.913140 40.583246 ,-111.911502 40.583522)",
6185,5175,0.000000,JordGatewa,2,0,6185_5175,2,4,35.000000,0.000000,600.000000,0.000000,"LINESTRING (-111.905514 40.575754 ,-111.906304 40.574508 ,-111.906344 40.574400 ,-111.906378 40.574291 ,-111.906404 40.574179 ,-111.906424 40.574066 ,-111.906436 40.573951 ,-111.906442 40.573837 ,-111.906440 40.573722 ,-111.906431 40.573607 ,-111.906415 40.573494 ,-111.906392 40.573381 ,-111.906362 40.573270 ,-111.906325 40.573161 ,-111.906282 40.573055 ,-111.906232 40.572952 ,-111.906175 40.572852 ,-111.904348 40.569696)",
5175,6185,0.000000,JordGatewa,2,0,5175_6185,2,4,35.000000,0.000000,600.000000,0.000000,"LINESTRING (-111.904348 40.569696 ,-111.906175 40.572852 ,-111.906232 40.572952 ,-111.906282 40.573055 ,-111.906325 40.573161 ,-111.906362 40.573270 ,-111.906392 40.573381 ,-111.906415 40.573494 ,-111.906431 40.573607 ,-111.906440 40.573722 ,-111.906442 40.573837 ,-111.906436 40.573951 ,-111.906424 40.574066 ,-111.906404 40.574179 ,-111.906378 40.574291 ,-111.906344 40.574400 ,-111.906304 40.574508 ,-111.905514 40.575754)",
3000,3001,0.000000,9400 South,2,0,3000_3001,1,3,35.000000,0.000000,600.000000,0.000000,"LINESTRING (-111.916207 40.581200 ,-111.914670 40.580618 ,-111.912857 40.580390 ,-111.909573 40.580790)",
3001,3000,0.000000,9400 South,2,0,3001_3000,1,3,35.000000,0.000000,600.000000,0.000000,"LINESTRING (-111.909573 40.580790 ,-111.912857 40.580390 ,-111.914670 40.580618 ,-111.916207 40.581200)",
3001,8172,0.000000,9400 South,2,0,3001_8172,1,3,35.000000,0.000000,600.000000,0.000000,"LINESTRING (-111.909573 40.580790 ,-111.905503 40.580699)",
8172,3000,0.000000,9400 South,2,0,8172_3000,1,3,35.000000,0.000000,600.000000,0.000000,"LINESTRING (-111.905503 40.580699 ,-111.909573 40.580790)",
3001,1359,0.000000,Cent,2,0,3001_1359,7,1,21.176470,0.000000,10000.000000,0.000000,"LINESTRING (-111.911824 40.577722 ,-111.909573 40.580790)",
1359,3001,0.000000,Cent,2,0,1359_3001,7,1,21.176470,0.000000,10000.000000,0.000000,"LINESTRING (-111.909573 40.580790 ,-111.911824 40.577722)",
5175,11507,0.000000,JordGatewa,2,0,5175_11507,2,4,35.000000,0.000000,600.000000,0.000000,"LINESTRING (-111.904348 40.569696 ,-111.904515 40.568426 ,-111.902527 40.562393)",
11507,5175,0.000000,JordGatewa,2,0,11507_5175,2,4,35.000000,0.000000,600.000000,0.000000,"LINESTRING (-111.902527 40.562393 ,-111.904515 40.568426 ,-111.904348 40.569696)",
1358,3002,0.000000,Cent,2,0,1358_3002,7,1,21.176470,0.000000,10000.000000,0.000000,"LINESTRING (-111.911260 40.581966 ,-111.911502 40.583522)",
3002,1358,0.000000,Cent,2,0,3002_1358,7,1,21.176470,0.000000,10000.000000,0.000000,"LINESTRING (-111.911502 40.583522 ,-111.911260 40.581966)",
1323,11161,0.000000,Cent,2,0,1323_11161,7,1,21.176470,0.000000,10000.000000,0.000000,"LINESTRING (-111.921418 40.591609 ,-111.929272 40.591047)",
11161,1323,0.000000,Cent,2,0,11161_1323,7,1,21.176470,0.000000,10000.000000,0.000000,"LINESTRING (-111.929272 40.591047 ,-111.921418 40.591609)",
1319,11146,0.000000,Cent,2,0,1319_11146,7,1,21.176470,0.000000,10000.000000,0.000000,"LINESTRING (-111.934408 40.607297 ,-111.938858 40.605898)",
11146,1319,0.000000,Cent,2,0,11146_1319,7,1,21.176470,0.000000,10000.000000,0.000000,"LINESTRING (-111.938858 40.605898 ,-111.934408 40.607297)",
1319,11147,0.000000,Cent,2,0,1319_11147,7,1,21.176470,0.000000,10000.000000,0.000000,"LINESTRING (-111.934408 40.607297 ,-111.929235 40.607691)",
11147,1319,0.000000,Cent,2,0,11147_1319,7,1,21.176470,0.000000,10000.000000,0.000000,"LINESTRING (-111.929235 40.607691 ,-111.934408 40.607297)",
1322,11160,0.000000,Cent,2,0,1322_11160,7,1,21.176470,0.000000,10000.000000,0.000000,"LINESTRING (-111.934349 40.591006 ,-111.938878 40.590844)",
11160,1322,0.000000,Cent,2,0,11160_1322,7,1,21.176470,0.000000,10000.000000,0.000000,"LINESTRING (-111.938878 40.590844 ,-111.934349 40.591006)",
1360,5730,0.000000,Cent,2,0,1360_5730,7,1,21.176470,0.000000,10000.000000,0.000000,"LINESTRING (-111.901834 40.584029 ,-111.905499 40.583282)",
5730,1360,0.000000,Cent,2,0,5730_1360,7,1,21.176470,0.000000,10000.000000,0.000000,"LINESTRING (-111.905499 40.583282 ,-111.901834 40.584029)",
5592,1,0.000000,9000South,2,0,5592_1,2,2,32.757050,0.000000,847.443180,0.000000,"LINESTRING (-111.922175 40.587742 ,-111.920177 40.587738)",
1,2,0.000000,9000South,2,0,1_2,2,2,32.757050,0.000000,847.443180,0.000000,"LINESTRING (-111.920177 40.587738 ,-111.918417 40.587734)",
2,3,0.000000,9000South,2,0,2_3,2,2,32.757050,0.000000,847.443180,0.000000,"LINESTRING (-111.918417 40.587734 ,-111.916477 40.587730)",
3,4,0.000000,9000South,2,0,3_4,2,2,32.757050,0.000000,847.443180,0.000000,"LINESTRING (-111.916477 40.587730 ,-111.914379 40.587726)",
4,5,0.000000,9000South,2,0,4_5,2,2,32.757050,0.000000,847.443180,0.000000,"LINESTRING (-111.914379 40.587726 ,-111.912416 40.587722)",
5,5117,0.000000,9000South,2,0,5_5117,2,2,32.757050,0.000000,847.443180,0.000000,"LINESTRING (-111.912416 40.587722 ,-111.910225 40.587717)",
5117,5,0.000000,9000South,2,0,5117_5,2,2,32.757050,0.000000,847.443180,0.000000,"LINESTRING (-111.910225 40.587717 ,-111.912416 40.587722)",
5,4,0.000000,9000South,2,0,5_4,2,2,32.757050,0.000000,847.443180,0.000000,"LINESTRING (-111.912416 40.587722 ,-111.914379 40.587726)",
4,3,0.000000,9000South,2,0,4_3,2,2,32.757050,0.000000,847.443180,0.000000,"LINESTRING (-111.914379 40.587726 ,-111.916477 40.587730)",
3,2,0.000000,9000South,2,0,3_2,2,2,32.757050,0.000000,847.443180,0.000000,"LINESTRING (-111.916477 40.587730 ,-111.918417 40.587734)",
2,1,0.000000,9000South,2,0,2_1,2,2,32.757050,0.000000,847.443180,0.000000,"LINESTRING (-111.918417 40.587734 ,-111.920177 40.587738)",
1,5592,0.000000,9000South,2,0,1_5592,2,2,32.757050,0.000000,847.443180,0.000000,"LINESTRING (-111.920177 40.587738 ,-111.922175 40.587742)",
